"","geneID","EMB_0-0A","EMB_0-0B","EMB_30-30A","EMB_30-30B","EMB_60-60A","EMB_60-60B","EMB_90-90A","EMB_90-90B","EMB_90-90C","EMB_120-120A","EMB_120-120B","EMB_120-120C","EMB_150-150A","EMB_150-150B","EMB_150-150C","EMB_180-180A","EMB_180-180B","EMB_180-180C","EMB_210-210A","EMB_240-240A","EMB_240-240B","EMB_240-240C","EMB_270-270A","EMB_270-270B","EMB_300-300A","EMB_300-300B","EMB_300-300C","EMB_330-330A","EMB_330-330B","EMB_360-360A","EMB_360-360B","EMB_360-360C","EMB_390-390A","EMB_420-420A","EMB_420-420B","EMB_450-450A","EMB_450-450B","EMB_480-480A","EMB_510-510A","EMB_540-540A","EMB_570-570A","EMB_600-600A","EMB_600-600B","geneName","WormBaseID","Description","InterPro","GS1_homologID","GS1_percent_homology","GS2_homologID","GS2_percent_homology","GS3_homologID","GS3_percent_homology","GS4_homologID","GS4_percent_homology"
"1","WBGene00002015",0,0,0,0,0,0,0.0561647433237531,0,0,0,0,0.0940553271056166,0,0,0,0,0,0,0,0,0,0,0,0,0,0,0,0,0,0,0,0,0,0,0,0,0,0,0,0,0,0.286556475194883,0,"hsp-16.1","T27E4.8","Heat shock protein Hsp-16.1/Hsp-16.11","Alpha crystallin/Small heat shock protein, animal type, Alpha crystallin/Hsp20 domain, HSP20-like chaperone","CBG04608 | WBGene00027247",73.7931,"CBN05402 | WBGene00144127",80,"CRE19380 | WBGene00068604",68.2759,"CJA32286 | WBGene00208133",33.7931
"2","WBGene00003521",0,0,0,0,0,0,0,0,0,0,0,0,0,0,0,0,0,0,0,0,0,0,0,0,0,0,0,0,0,0,0,0,0,0,0,0,0,0,0,0,0,0,0,"nas-2","F56A4.1","Zinc metalloproteinase nas-2","Peptidase M12A, Peptidase, metallopeptidase, Metallopeptidase, catalytic domain superfamily","Cbr-nas-3 | WBGene00038529",64.7059,"Cbn-nas-3 | WBGene00163977",64.7059,"Cre-nas-3.2 | WBGene00071266",66.1765,"Cjp-nas-3 | WBGene00126375",66.1765
"3","WBGene00004141",0,0,0,0,0,0,0,0,0,0.0569942162269373,0,0,0,0,0,0,0,0,0,0,0,0,0,0,0,0,0,0,0,0.0619588014862925,0,0,0.0732767309667538,0,0.0875953047865491,0.0554585862175542,0,0,0.0714604785322361,0.0693125580492674,0.287669906836662,0.0716391187987209,0,"pqn-57","R09F10.7","Activated in Blocked Unfolded protein response; Prion-like-(Q/N-rich)-domain-bearing protein","","Cbr-pqn-57 | WBGene00041237",88.6243,"Cbn-pqn-57 | WBGene00148671",91.7989,"Cre-pqn-57.1 | WBGene00065483",89.9471,NA,NA
"4","WBGene00004158",0,0,0,0,0,0,0,0,0,0,0,0,0,0,0,0,0,0,0,0,0,0,0,0,0,0,0,0.220372950366282,0,0,0,0,0,0,0.437976523932745,0,0,0,0.0714604785322361,0,0,0,0,"pqn-76","Y105C5A.3","Prion-like-(Q/N-rich)-domain-bearing protein","Protein of unknown function DUF1096","CBG09623 | WBGene00031181",83.8806,"CBN22195 | WBGene00160920",83.8806,"CRE12827 | WBGene00065084",79.7015,"CJA33782 | WBGene00209629",70.4478
"5","WBGene00004160",0,0,0,0,0,0,0,0.344864094233424,0,0,0,0,0,0,0,0.056645644335141,0,0,0,0,0,0,0,0,0.0735113690478028,0,0,0,0,0,0,0,0.146553461933508,0,0,0.110917172435108,0.147985889841375,0,0,0,0,0,0,"pqn-79","Y105C5A.6","Prion-like-(Q/N-rich)-domain-bearing protein","Protein of unknown function DUF1096","CBG09623 | WBGene00031181",83.8806,"CBN22195 | WBGene00160920",83.8806,"CRE12827 | WBGene00065084",79.7015,"CJA33782 | WBGene00209629",70.4478
"6","WBGene00005137",0,0,0,0,0,0,0,0,0,0,0,0,0,0,0,0,0,0,0,0,0,0,0,0,0,0,0,0,0.111127175161654,0,0,0,0,0,0,0,0,0,0,0,0.0719174767091656,0,0,"srd-60","C13B7.3","Serpentine Receptor, class D (Delta)","7TM GPCR, serpentine receptor class d (Srd)","Cbr-srd-60 | WBGene00024402",64.1176,"CBN07729 | WBGene00146454",57.9412,"CRE15895 | WBGene00061132",48.8235,NA,NA
"7","WBGene00005138",0,0,0,0,0,0,0,0,0,0,0,0,0,0,0,0,0,0,0,0,0,0,0,0,0,0,0,0,0,0,0,0,0,0,0,0,0,0,0,0,0,0,0,"srd-61","C01B4.5","Serpentine Receptor, class D (Delta)","7TM GPCR, serpentine receptor class d (Srd)","Cbr-srd-61 | WBGene00024403",42.5076,"CBN09383 | WBGene00148108",32.7217,"CRE15894 | WBGene00061133",62.9969,NA,NA
"8","WBGene00005148",0,0,0,0,0,0,0,0,0,0,0,0,0,0,0,0,0,0,0,0,0,0,0,0,0,0,0,0,0,0,0,0,0,0,0,0,0,0,0,0,0,0,0,"srd-71","C13B7.4","Serpentine Receptor, class D (Delta)","7TM GPCR, serpentine receptor class d (Srd), ","Cbr-srd-72 | WBGene00024400",73.9938,"Cbn-srd-72.1 | WBGene00142557",81.7337,"Cre-srd-72 | WBGene00061131",77.3994,NA,NA
"9","WBGene00005280",0,0,0,0,0,0,0,0,0,0,0,0,0,0,0,0,0,0,0,0,0,0,0,0,0,0,0,0,0,0,0,0,0,0,0,0,0,0,0,0,0,0,0,"srh-57","Y49F6A.2","Serpentine Receptor, class H","7TM GPCR, serpentine receptor class h (Srh)",NA,NA,"Cbn-srh-56.1 | WBGene00147445",62.8125,"Cre-srh-56 | WBGene00058074",68.125,"Cjp-srh-56 | WBGene00132798",34.6875
"10","WBGene00005435",0,0,0,0,0,0,0,0,0,0,0,0,0,0,0,0,0,0,0,0,0,0,0,0,0,0,0,0,0,0,0.0681720788707322,0,0,0,0,0,0,0,0,0,0,0,0,"srh-227","C35D6.2","Serpentine Receptor, class H","7TM GPCR, serpentine receptor class h (Srh)",NA,NA,NA,NA,"CRE19075 | WBGene00057754",44.9405,"CJA15747 | WBGene00134951",36.3095
"11","WBGene00005436",0,0,0,0,0,0,0,0,0,0,0,0,0.0538747327341852,0,0,0,0,0,0,0,0,0,0,0,0,0,0,0,0,0,0,0,0,0,0,0,0,0,0,0,0,0,0,"srh-228","C35D6.1","Serpentine Receptor, class H","7TM GPCR, serpentine receptor class h (Srh)",NA,NA,NA,NA,"CRE19075 | WBGene00057754",44.9405,"CJA15747 | WBGene00134951",36.3095
"12","WBGene00005509",0,0,0,0,0,0,0,0,0,0,0,0,0,0,0,0,0,0,0,0,0,0,0,0,0,0,0,0,0,0,0,0,0,0,0,0,0,0,0,0,0,0,0,"srh-305","Y49F6A.3","Serpentine Receptor, class H","7TM GPCR, serpentine receptor class h (Srh)",NA,NA,"Cbn-srh-56.1 | WBGene00147445",62.8125,"Cre-srh-56 | WBGene00058074",68.125,"Cjp-srh-56 | WBGene00132798",34.6875
"13","WBGene00005525",0.209160278998896,0,0,0,0,0,0,0,0,0.113988432453875,0,0,0.10774946546837,0,0,0,0,0,0,0,0,0,0,0,0,0,0,0.073457650122094,0,0,0,0,0,0,0.175190609573098,0.0554585862175542,0,0,0,0,0,0,0,"sri-13","M01G12.13","Serpentine Receptor, class I","7TM GPCR, serpentine chemoreceptor class i (Sri)","CBG23847 | WBGene00042101",58.651,"Cbn-sri-15 | WBGene00151597",56.8915,"CRE28329 | WBGene00055988",55.7185,NA,NA
"14","WBGene00006136",0,0,0,0,0,0,0,0,0,0,0,0,0,0,0,0,0,0,0,0,0,0,0,0,0,0,0,0,0,0,0,0,0,0,0,0,0,0,0,0,0,0,0,"str-76","C01B4.10","Seven TM Receptor","7TM GPCR, serpentine receptor class r (Str)",NA,NA,NA,NA,NA,NA,NA,NA
"15","WBGene00006170",0,0,0,0,0,0,0,0,0,0,0,0,0,0,0,0,0,0,0,0,0,0,0,0,0,0,0,0,0,0,0,0,0,0,0,0,0,0,0,0,0,0,0,"str-119","C13B7.5","Seven TM Receptor","7TM GPCR, serpentine receptor class r (Str)",NA,NA,"CBN28096 | WBGene00190061",33.5312,NA,NA,"CJA00724 | WBGene00119928",16.3205
"16","WBGene00006171",0,0,0,0,0,0,0,0,0,0,0,0,0,0,0,0,0,0,0,0,0,0,0,0,0,0,0,0,0,0,0,0,0,0,0,0,0,0,0,0,0,0,0,"str-120","C13B7.2","Seven TM Receptor","7TM GPCR, serpentine receptor class r (Str)",NA,NA,"CBN10716 | WBGene00149441",41.4201,"CRE15898 | WBGene00061129",68.3432,NA,NA
"17","WBGene00006200",0,0,0,0,0,0,0,0,0,0,0,0,0,0,0,0,0,0,0,0,0,0,0,0,0,0,0,0,0,0,0,0,0,0,0,0,0,0,0,0,0,0,0,"str-154","Y45G12C.12","Seven TM Receptor","7TM GPCR, serpentine receptor class r (Str)","CBG11643 | WBGene00032736",33.2353,NA,NA,"CRE10749 | WBGene00076429",29.1176,NA,NA
"18","WBGene00006283",0,0,0,0.163016522947225,0.25523198449823,0,0,0,0,0.113988432453875,0,0,0,0,0,0,0,0,0,0,0,0,0,0,0,0,0,0,0,0,0,0,0,0,0,0,0,0,0,0,0,0,0,"str-257","C01B4.1","Seven TM Receptor","7TM GPCR, serpentine receptor class r (Str)","CBG13173 | WBGene00033975",54.8295,NA,NA,"CRE04877 | WBGene00055901",59.0909,"CJA03630 | WBGene00122834",15.3409
"19","WBGene00006284",0,0,0,0,0,0,0,0,0,0,0,0,0,0,0,0,0,0,0,0,0,0,0,0,0,0,0,0,0,0,0,0,0,0,0,0,0,0,0,0,0,0,0,"str-258","C01B4.3","Seven TM Receptor","7TM GPCR, serpentine receptor class r (Str)","CBG13173 | WBGene00033975",56.25,NA,NA,"CRE04877 | WBGene00055901",60.7955,"CJA03630 | WBGene00122834",15.625
"20","WBGene00006549",0,0,0.104298011542765,0,0,0,0,0,0,0,0,0,0,0,0,0,0,0,0,0,0,0,0,0,0,0,0,0,0,0,0,0,0,0,0,0,0,0,0,0,0,0,0,"tbx-30","Y59E9AR.3","Putative T-box protein 30/42","T-box transcription factor, p53-like transcription factor, DNA-binding domain superfamily, Transcription factor, T-box, conserved site, T-box superfamily, T-box transcription factor, DNA-binding domain",NA,NA,NA,NA,"Cre-tbx-30 | WBGene00085738",27.5974,NA,NA
"21","WBGene00007075",0,0,0,0,0,0,0,0,0.160191242713201,0.0569942162269373,0,0,0,0,0,0,0,0,0.0651105929465434,0,0,0,0,0,0,0.236069146541575,0,0,0,0,0,0,0,0.120781779392201,0,0,0,0,0.0714604785322361,0.0693125580492674,0,0,0,"AC8.3","AC8.3","MULE domain-containing protein","","CBG05097 | WBGene00027632",10.6952,NA,NA,"CRE30180 | WBGene00072410",33.1551,"CJA18145 | WBGene00137349",10.9626
"22","WBGene00007076",0,0,0,0,0,0,0,0,0.0800956213566004,0,0,0,0.0538747327341852,0,0,0,0,0,0,0,0,0,0,0,0,0,0.0855968712631616,0.146915300244188,0,0.0619588014862925,0,0,0,0,0,0,0,0.0640625127124049,0,0,0,0,0,"AC8.4","AC8.4","","",NA,NA,NA,NA,NA,NA,NA,NA
"23","WBGene00007206",0,0,0,0,0,0,0,0,0,0,0,0,0,0,0,0,0,0,0,0,0,0,0,0,0,0,0,0,0,0.0619588014862925,0.0681720788707322,0.0674449544631901,0,0.120781779392201,0,0,0.147985889841375,0.0640625127124049,0,0,0,0.143278237597442,0.293834960542372,"B0564.6","B0564.6","F-box domain-containing protein","Leucine-rich repeat, cysteine-containing subtype, Leucine-rich repeat domain superfamily","CBG01819 | WBGene00025005",69.2671,NA,NA,"CRE24307 | WBGene00073589",70.922,NA,NA
"24","WBGene00007442",0,0,0,0,0,0,0,0,0,0,0,0,0,0,0,0,0,0,0.0651105929465434,0,0,0,0,0,0,0,0,0,0,0,0,0,0,0,0,0,0,0.12812502542481,0,0,0.0719174767091656,0.0716391187987209,0,"C08E8.6","C08E8.6","","","CBG23707 | WBGene00041990",62.7119,"CBN20676 | WBGene00159401",64.4068,"CRE23530 | WBGene00083220",57.6271,NA,NA
"25","WBGene00007459",0,0,0,0.0815082614736123,0,0,0,0,0,0,0,0,0,0,0,0.056645644335141,0,0,0,0,0.113524219767904,0,0,0,0,0,0,0,0,0,0,0,0,0,0.0875953047865491,0,0,0,0,0,0,0,0,"C08F11.12","C08F11.12","UPF0375 protein C08F11.12","Protein of unknown function DUF1505",NA,NA,NA,NA,NA,NA,NA,NA
"26","WBGene00007638",0,0,0,0,0,0,0,0,0,0,0,0,0,0,0,0,0,0,0,0,0,0,0,0,0.0735113690478028,0,0,0,0,0,0,0.13488990892638,0,0,0.0875953047865491,0,0,0,0.0714604785322361,0,0,0,0,"C17D12.3","C17D12.3","","Peptide N glycanase, PAW domain, Galactose-binding-like domain superfamily, PAW domain superfamily",NA,NA,NA,NA,NA,NA,NA,NA
"27","WBGene00007770",0.104580139499448,0,0,0,0,0,0,0,0,0,0,0,0,0,0,0,0,0,0,0,0,0,0.0655388350694898,0,0,0,0,0,0,0,0,0,0,0,0.0875953047865491,0,0.0739929449206877,0,0.0714604785322361,0.0693125580492674,0,0,0,"nhr-259","C27C7.8","NR LBD domain-containing protein","Nuclear hormone receptor, ligand-binding domain, Nuclear hormone receptor-like domain superfamily",NA,NA,NA,NA,NA,NA,NA,NA
"28","WBGene00007871",0,0,0,0,0,0,0,0,0,0,0,0,0,0,0,0,0,0,0,0,0,0,0,0,0,0,0,0,0,0,0,0,0,0,0,0,0,0,0,0,0,0,0,"C32H11.8","C32H11.8","DUF148 domain-containing protein","SXP/RAL-2 family protein Ani s 5-like, cation-binding domain","CBG21288 | WBGene00040108",42.0513,NA,NA,"CRE11004 | WBGene00080441",42.5641,NA,NA
"29","WBGene00007874",0,0,0,0,0,0,0,0,0,0,0,0,0,0,0,0,0,0,0,0,0,0,0,0,0,0,0,0,0,0,0,0,0,0,0,0,0,0,0,0,0,0,0,"C32H11.11","C32H11.11","DUF148 domain-containing protein","SXP/RAL-2 family protein Ani s 5-like, cation-binding domain","CBG21288 | WBGene00040108",42.0513,NA,NA,"CRE11004 | WBGene00080441",42.5641,NA,NA
"30","WBGene00008058",0,0,0,0,0,0,0,0,0,0,0,0,0,0,0,0,0,0,0,0,0,0,0,0,0,0,0,0,0,0,0,0,0,0,0,0,0,0,0,0,0,0,0,"C41G6.12","C41G6.12","Seven TM Receptor","7TM GPCR, serpentine receptor class r (Str)",NA,NA,"CBN07584 | WBGene00146309",39.5349,"CRE15994 | WBGene00082047",38.1395,NA,NA
"31","WBGene00008059",0,0,0,0,0,0,0,0,0.160191242713201,0,0,0,0,0,0,0,0,0,0,0,0,0,0,0,0,0,0,0,0,0,0,0,0.146553461933508,0,0,0,0,0,0,0.138625116098535,0.143834953418331,0,0,"C41G6.13","C41G6.13","Secreted protein","","CBG05720 | WBGene00028115",23.4513,"CBN18978 | WBGene00157703",21.6814,"CRE24688 | WBGene00067101",26.5487,NA,NA
"32","WBGene00009167",0,0,0,0,0,0,0,0,0,0,0,0,0,0,0,0,0,0,0,0,0,0,0,0,0,0,0,0,0,0,0,0,0,0,0,0,0,0,0,0,0,0,0,"F26F2.2","F26F2.2","Transcription termination factor Rho","",NA,NA,NA,NA,NA,NA,NA,NA
"33","WBGene00009637",0,0,0.104298011542765,0,0,0,0,0,0,0,0,0,0,0,0.102543036543364,0,0,0,0,0.0878795319254915,0,0,0,0,0,0,0,0,0,0,0,0,0,0,0,0.0554585862175542,0,0.12812502542481,0,0,0,0.0716391187987209,0,"nspc-13","F42F12.6","Nematode Specific Peptide family, group C","","CBG14427 | WBGene00034931",65.3465,"CBN23830 | WBGene00162555",66.3366,"CRE03544 | WBGene00074111",61.3861,"CJA15246 | WBGene00134450",57.4257
"34","WBGene00009684",0,0,0.0521490057713826,0,0,0,0,0,0,0,0,0,0,0,0,0,0,0,0,0,0,0,0,0,0,0,0,0.146915300244188,0,0,0,0,0,0,0,0,0.221978834762063,0.192187538137215,0,0,0,0.0716391187987209,0,"msd-3","F44D12.7","MSP domain-containing protein","Major sperm protein (MSP) domain, PapD-like superfamily, Immunoglobulin-like fold","Cbr-msd-4 | WBGene00036490",91.7431,"Cbn-msd-4 | WBGene00146637",92.6606,"Cre-msd-4 | WBGene00054696",90.8257,"CJA02939 | WBGene00122143",93.578
"35","WBGene00010249",0.052290069749724,0,0,0.0815082614736123,0,0,0,0,0,0,0,0,0,0,0,0,0,0,0,0,0,0,0,0,0,0,0,0,0,0,0,0,0,0,0,0,0,0,0,0,0,0,0,"F58D12.1","F58D12.1","","",NA,NA,NA,NA,NA,NA,NA,NA
"36","WBGene00010377",0,0,0.0521490057713826,0,0,0,0,0,0,0,0,0,0,0,0,0,0,0,0,0,0,0,0,0,0,0,0,0,0,0,0,0,0,0,0,0,0,0,0,0,0,0,0,"nspa-1","H12D21.1","Nematode Specific Peptide family, group A","","CBG30040 | WBGene00270986",73.5294,NA,NA,"CRE01691 | WBGene00078007",82.3529,NA,NA
"37","WBGene00010379",0,0,0,0,0,0,0,0,0.0800956213566004,0,0,0,0,0,0,0,0,0,0,0,0,0,0,0,0,0,0,0,0,0,0,0,0,0,0,0,0,0,0,0,0,0,0,"H12D21.3","H12D21.3","","",NA,NA,NA,NA,NA,NA,NA,NA
"38","WBGene00010399",0,0,0,0,0,0,0,0,0,0,0,0,0,0,0,0,0,0,0,0,0,0,0,0,0,0,0,0,0,0,0,0,0,0,0,0,0,0,0,0.0693125580492674,0,0,0,"clec-13","H16D19.1","C-type LECtin","CUB domain, C-type lectin-like, C-type lectin-like/link domain superfamily, C-type lectin fold, C-type lectin, conserved site, Spermadhesin, CUB domain superfamily","CBG10309 | WBGene00031718",41.8886,"Cbn-clec-9.1 | WBGene00161973",43.0993,NA,NA,NA,NA
"39","WBGene00011416",0,0,0,0,0,0,0,0,0,0,0,0,0,0,0,0,0,0,0,0,0,0,0,0,0,0,0,0,0,0,0,0,0,0,0,0,0,0,0,0,0,0,0,"T04A11.1","T04A11.1","Phenazine biosynthesis-like domain-containing protein","Phenazine biosynthesis PhzF protein","CBG03343 | WBGene00026221",88.785,"CBN07804 | WBGene00146529",91.9003,"CRE22218 | WBGene00074445",90.3427,"CJA17099 | WBGene00136304",78.5047
"40","WBGene00011417",0,0,0,0,0,0,0,0,0,0,0,0,0,0,0.102543036543364,0,0,0,0,0.0878795319254915,0,0,0,0,0,0,0,0.073457650122094,0,0,0.0681720788707322,0,0,0.120781779392201,0.0875953047865491,0,0,0,0,0,0.0719174767091656,0,0,"T04A11.2","T04A11.2","Phenazine biosynthesis-like domain-containing protein 1","Phenazine biosynthesis PhzF protein","CBG03344 | WBGene00026222",81.962,"CBN29488 | WBGene00191453",83.2279,"CRE29947 | WBGene00065723",82.5949,NA,NA
"41","WBGene00011419",0,0,0,0,0,0,0,0,0,0,0,0,0,0,0,0,0.106302686268882,0,0,0,0,0,0,0,0,0,0,0,0,0,0,0,0,0,0,0,0,0,0,0,0,0,0,"T04A11.4","T04A11.4","Phenazine biosynthesis-like domain-containing protein","Phenazine biosynthesis PhzF protein","CBG03343 | WBGene00026221",88.785,"CBN07804 | WBGene00146529",91.9003,"CRE22218 | WBGene00074445",90.3427,"CJA17099 | WBGene00136304",78.5047
"42","WBGene00011420",0.052290069749724,0,0,0,0,0.310955619481121,0,0,0.0800956213566004,0,0,0,0,0,0,0,0,0,0,0,0.113524219767904,0,0,0,0,0.236069146541575,0,0,0,0,0,0,0,0.120781779392201,0,0,0,0,0,0,0,0.0716391187987209,0,"T04A11.5","T04A11.5","Phenazine biosynthesis-like domain-containing protein 1","Phenazine biosynthesis PhzF protein","CBG03344 | WBGene00026222",81.962,"CBN29488 | WBGene00191453",83.2279,"CRE29947 | WBGene00065723",82.5949,NA,NA
"43","WBGene00011584",0,0,0,0,0,0,0,0,0,0,0,0,0,0,0,0,0,0,0,0,0,0,0,0,0,0,0,0,0,0,0,0,0,0,0,0,0,0,0,0,0.143834953418331,0,0.293834960542372,"clec-15","T07D10.4","C-type LECtin","CUB domain, C-type lectin-like, C-type lectin-like/link domain superfamily, C-type lectin fold, C-type lectin, conserved site, Spermadhesin, CUB domain superfamily","CBG10309 | WBGene00031718",41.8886,"Cbn-clec-9.1 | WBGene00161973",43.0993,NA,NA,NA,NA
"44","WBGene00011626",0,0,0,0,0,0,0,0,0,0,0,0,0,0,0,0,0,0,0,0,0,0,0,0,0,0,0,0,0,0,0,0,0,0,0,0,0.147985889841375,0,0,0,0,0.143278237597442,0,"T08G5.7","T08G5.7","C2H2-type domain-containing protein","Zinc finger C2H2-type",NA,NA,NA,NA,"CRE16263 | WBGene00068415",29.2373,"CJA22301 | WBGene00177873",19.0678
"45","WBGene00012057",0.052290069749724,0,0.0521490057713826,0,0,0,0,0,0,0,0,0,0,0,0,0,0,0,0,0,0,0,0,0,0,0,0,0,0,0,0,0,0,0.120781779392201,0.0875953047865491,0,0,0,0,0,0,0,0,"T26F2.1","T26F2.1","Glyco_hydro_19_cat domain-containing protein","Glycoside hydrolase, family 19, catalytic, Lysozyme-like domain superfamily","CBG10473 | WBGene00031857",72.0879,NA,NA,NA,NA,NA,NA
"46","WBGene00012314",0,0,0,0,0,0,0,0,0,0,0,0,0,0,0,0,0,0,0,0,0,0,0,0,0,0,0,0,0,0,0,0,0,0,0,0,0,0,0,0,0,0,0,"W06G6.12","W06G6.12","DUF5709 domain-containing protein","",NA,NA,NA,NA,NA,NA,NA,NA
"47","WBGene00012742",0,0,0.0521490057713826,0,0,0,0,0,0,0,0,0,0,0,0,0,0,0,0.0651105929465434,0,0,0,0,0,0,0,0,0.073457650122094,0,0,0,0.0674449544631901,0.146553461933508,0,0,0,0.0739929449206877,0,0.142920957064472,0,0.0719174767091656,0.0716391187987209,0,"Y40H7A.2","Y40H7A.2","Methyltransf_21 domain-containing protein","Methyltransferase domain, Probable methyltransferase-like protein 24, Methyltransferase FkbM","CBG13744 | WBGene00034458",75,"CBN28692 | WBGene00190657",80,"CRE11614 | WBGene00080196",20,"CJA34001 | WBGene00209848",68.6364
"48","WBGene00012789",0,0,0,0,0,0,0,0,0,0,0,0,0,0,0.205086073086729,0,0,0,0,0,0,0,0,0,0,0,0,0.073457650122094,0,0,0,0,0,0.0603908896961004,0,0,0.0739929449206877,0,0,0,0,0.0716391187987209,0,"Y43D4A.3","Y43D4A.3","MFS domain-containing protein","MFS transporter superfamily","CBG23388 | WBGene00041753",82.7778,"CBN01886 | WBGene00140611",82.2222,"CRE27365 | WBGene00052434",81.1111,"CJA04177 | WBGene00123383",75
"49","WBGene00012878",0,0,0,0,0,0,0,0,0,0,0,0,0,0,0,0,0,0,0,0,0,0,0,0.128436330065442,0,0,0,0,0,0,0,0,0.146553461933508,0,0,0.110917172435108,0.147985889841375,0,0,0.0693125580492674,0,0,0,"Y45F10C.2","Y45F10C.2","UPF0375 protein Y45F10C.2","Protein of unknown function DUF1505",NA,NA,NA,NA,NA,NA,NA,NA
"50","WBGene00012945",0,0,0,0,0,0,0,0,0,0,0,0,0,0,0,0,0,0,0,0,0,0,0,0,0,0,0,0,0,0,0,0.13488990892638,0,0,0.0875953047865491,0,0,0,0.0714604785322361,0,0,0,0,"Y47H9A.1","Y47H9A.1","","Peptide N glycanase, PAW domain, Galactose-binding-like domain superfamily, PAW domain superfamily",NA,NA,NA,NA,NA,NA,NA,NA
"51","WBGene00013062",0.156870209249172,0,0,0,0,0,0,0,0,0,0,0,0,0,0,0,0,0.0843716530819868,0,0.0878795319254915,0,0,0,0,0,0,0,0,0,0,0,0,0,0,0.0875953047865491,0,0,0,0,0,0,0.0716391187987209,0,"Y51A2A.6","Y51A2A.6","C-type lectin domain-containing protein","C-type lectin fold",NA,NA,NA,NA,NA,NA,NA,NA
"52","WBGene00013063",0,0,0,0,0,0,0,0,0,0,0,0,0,0,0,0,0,0,0,0,0,0,0,0,0,0,0,0,0,0,0,0,0,0,0,0,0,0,0,0,0,0,0,"clec-249","Y51A2A.7","C-type LECtin","",NA,NA,NA,NA,NA,NA,NA,NA
"53","WBGene00013064",0,0,0,0,0,0,0,0,0,0,0,0,0,0,0,0,0,0,0,0,0,0,0,0,0,0,0,0,0,0,0,0,0,0,0,0,0,0,0,0,0,0,0,"clec-248","Y51A2A.11","C-type LECtin","",NA,NA,NA,NA,NA,NA,NA,NA
"54","WBGene00013105",0,0,0,0,0,0,0,0,0.160191242713201,0,0,0,0,0,0,0.056645644335141,0,0,0,0,0,0,0,0,0.0735113690478028,0,0.0855968712631616,0,0,0,0,0,0,0,0.0875953047865491,0,0,0.0640625127124049,0.0714604785322361,0,0,0,0.146917480271186,"fip-7","Y51H4A.10","Fungus-Induced Protein","",NA,NA,NA,NA,NA,NA,NA,NA
"55","WBGene00013184",0,0,0,0,0,0,0,0,0,0,0,0,0,0,0,0,0,0,0,0,0,0,0,0,0.0735113690478028,0,0.171193742526323,0,0,0,0,0,0.146553461933508,0.0603908896961004,0.0875953047865491,0.0554585862175542,0,0,0,0,0.0719174767091656,0.0716391187987209,0,"clpr-4","Y53H1B.6","Calpain catalytic domain-containing protein","Peptidase C2, calpain, catalytic domain, Peptidase C2, calpain family, Papain-like cysteine peptidase superfamily",NA,NA,"CBN32331 | WBGene00194296",18.8312,"CRE04401 | WBGene00061089",23.7013,NA,NA
"56","WBGene00013491",0,0,0,0,0,0,0,0,0,0,0,0,0,0,0,0,0,0,0,0,0,0,0,0,0,0,0,0,0,0,0,0,0,0,0,0,0,0,0,0,0,0,0,"Y70C5B.1","Y70C5B.1","Rep_fac-A_C domain-containing protein","",NA,NA,"CBN14996 | WBGene00153721",30.5882,"CRE12374 | WBGene00067975",38.8235,NA,NA
"57","WBGene00013570",0,0,0,0,0,0,0,0,0.320382485426401,0,0,0,0,0,0,0,0,0,0,0,0,0,0,0,0,0,0,0,0,0,0,0,0.146553461933508,0,0,0,0,0,0,0,0,0,0,"Y75B12B.8","Y75B12B.8","Secreted protein","","CBG05720 | WBGene00028115",23.4513,"CBN18978 | WBGene00157703",21.6814,"CRE24688 | WBGene00067101",26.5487,NA,NA
"58","WBGene00013840",0,0,0,0,0,0,0,0,0,0,0,0,0,0,0,0,0,0,0,0,0,0,0,0,0,0,0,0,0,0,0,0,0.0732767309667538,0,0,0,0.0739929449206877,0,0.0714604785322361,0,0,0,0,"fbxa-151","ZC47.7","F-box domain-containing protein","F-box domain, Domain of unknown function DUF38/FTH, Caenorhabditis species, F-box-like domain superfamily, F-box A protein FB224",NA,NA,NA,NA,"CRE25939 | WBGene00083110",12.9964,NA,NA
"59","WBGene00013888",0,0,0.0521490057713826,0.0815082614736123,0,0,0,0,0,0,0,0,0,0,0,0,0,0,0,0,0,0,0,0,0,0,0,0,0,0,0,0,0,0,0,0,0,0,0,0,0,0,0,"nspa-3","ZC412.7","Nematode Specific Peptide family, group A","","CBG30040 | WBGene00270986",73.5294,NA,NA,"CRE01691 | WBGene00078007",82.3529,NA,NA
"60","WBGene00013889",0.052290069749724,0,0,0,0,0,0,0,0,0,0,0,0,0,0,0,0,0,0,0,0,0,0,0,0,0,0,0,0,0,0,0,0,0,0,0,0,0,0,0,0,0,0,"ZC412.8","ZC412.8","","",NA,NA,NA,NA,NA,NA,NA,NA
"61","WBGene00013890",0,0,0,0,0,0,0,0,0,0,0,0,0,0,0,0,0,0,0,0,0,0,0,0,0,0,0,0,0,0,0,0,0,0,0,0,0,0,0,0,0,0,0,"ZC412.9","ZC412.9","","","CBG25408 | WBGene00086822",46.4286,"CBN24647 | WBGene00163372",38.7755,"CRE23154 | WBGene00069998",42.3469,NA,NA
"62","WBGene00014182",0,0,0,0,0,0,0,0,0,0,0,0,0,0,0,0,0,0,0,0,0,0,0,0,0,0,0,0,0,0,0,0,0,0,0,0,0,0,0,0,0,0,0,"ZK1025.2","ZK1025.2","","Sulfotransferase, Carbohydrate sulfotransferase Chst-1",NA,NA,NA,NA,NA,NA,NA,NA
"63","WBGene00014186",0,0,0,0,0,0,0,0,0,0,0,0,0,0,0,0,0,0,0,0.175759063850983,0,0,0,0,0,0,0,0,0,0,0.0681720788707322,0,0.0732767309667538,0,0,0.0554585862175542,0,0,0,0.0693125580492674,0.143834953418331,0,0,"nhr-244","ZK1025.6","NR LBD domain-containing protein","Nuclear hormone receptor, ligand-binding domain, Nuclear hormone receptor-like domain superfamily",NA,NA,NA,NA,NA,NA,NA,NA
"64","WBGene00014188",0,0,0,0,0,0,0,0,0,0,0,0,0,0,0,0,0,0,0,0,0,0,0.0655388350694898,0,0,0,0,0,0,0,0,0,0,0,0,0,0,0,0,0,0,0,0,"ZK1025.8","ZK1025.8","","Sulfotransferase, Carbohydrate sulfotransferase Chst-1",NA,NA,NA,NA,NA,NA,NA,NA
"65","WBGene00015270",0,0,0.156447017314148,0,0,0,0,0,0,0,0,0,0,0,0,0,0,0,0,0,0,0,0,0,0,0,0,0,0,0,0,0,0,0,0,0,0,0,0,0,0,0,0,"C01B4.6","C01B4.6","Aldose 1-epimerase","Aldose 1-/Glucose-6-phosphate 1-epimerase, Galactose mutarotase-like domain superfamily, Glycoside hydrolase-type carbohydrate-binding, Aldose 1-epimerase, Galactose mutarotase-like","CBG01119 | WBGene00024397",83.9394,"CBN05985 | WBGene00144710",84.2424,"CRE15893 | WBGene00081998",85.7576,"CJA14582 | WBGene00133786",70
"66","WBGene00015271",0,0,0.0521490057713826,0,0,0,0,0,0,0,0,0,0,0,0,0,0,0,0,0,0,0,0,0,0,0,0,0,0,0,0,0,0,0,0,0,0,0,0,0,0,0,0,"C01B4.7","C01B4.7","MFS domain-containing protein","Major facilitator superfamily, Major facilitator superfamily domain, MFS transporter superfamily, ","CBG01182 | WBGene00024452",82.5263,"CBN05714 | WBGene00144439",85.2632,"CRE15892 | WBGene00061136",86.1053,"CJA05250 | WBGene00124454",49.2632
"67","WBGene00015272",0,0,0,0,0,0,0,0,0,0,0,0,0,0,0,0,0,0,0,0,0,0,0,0,0,0,0,0,0,0,0,0,0,0,0,0,0,0,0,0,0,0,0,"C01B4.8","C01B4.8","MFS domain-containing protein","Major facilitator superfamily, Major facilitator superfamily domain, MFS transporter superfamily, ","CBG01117 | WBGene00024395",85.3557,"CBN22679 | WBGene00161404",85.7741,"CRE15890 | WBGene00082007",33.682,"CJA00541 | WBGene00119745",78.2427
"68","WBGene00015273",0,0.140436459664261,0.312894034628296,0,0,0,0,0,0,0,0.204210618747964,0,0,0,0,0,0,0,0,0,0,0,0,0,0,0,0,0,0,0,0,0,0,0,0,0,0.0739929449206877,0,0.0714604785322361,0,0,0.0716391187987209,0,"mct-2","C01B4.9","MFS domain-containing protein","Major facilitator superfamily, Major facilitator superfamily domain, MFS transporter superfamily","Cbr-mct-1 | WBGene00024394",69.4853,"Cbn-mct-1.2 | WBGene00161657",72.0588,"Cre-mct-1 | WBGene00061138",62.3162,"Cjp-mct-1 | WBGene00130614",72.6103
"69","WBGene00015277",0,0,0,0,0,0,0,0,0,0,0,0,0,0,0,0,0,0,0,0,0,0,0,0,0,0,0,0,0,0,0,0,0,0,0,0,0,0,0,0,0,0,0,"C01B7.7","C01B7.7","DUF19 domain-containing protein","Domain of unknown function DUF19, Uncharacterised protein family UPF0376","CBG00758 | WBGene00024099",70.7921,"CBN16049 | WBGene00154774",71.7822,"CRE05597 | WBGene00053183",72.2772,NA,NA
"70","WBGene00015730",0,0,0,0,0,0,0,0,0,0,0,0,0,0,0,0,0,0,0,0,0,0,0,0,0,0,0,0,0,0,0,0,0,0,0,0,0,0,0,0,0,0,0,"srt-1","C13B7.1","Serpentine Receptor, class T","7TM GPCR, serpentine receptor class t (Srt)","CBG12125 | WBGene00033124",57.2254,"Cbn-srt-2 | WBGene00149649",66.185,"CRE08842 | WBGene00075245",19.6532,"CJA31500 | WBGene00207347",20.2312
"71","WBGene00015888",0,0,0,0,0,0,0.0561647433237531,0,0,0.113988432453875,0,0,0,0,0,0,0,0,0.0651105929465434,0,0,0.179087263851057,0,0,0.0735113690478028,0,0,0,0,0,0,0,0,0,0,0,0,0,0,0,0,0,0,"C17C3.2","C17C3.2","NR LBD domain-containing protein","Papain-like cysteine peptidase superfamily",NA,NA,NA,NA,NA,NA,NA,NA
"72","WBGene00015895",0,0,0,0,0,0,0,0,0,0.113988432453875,0,0,0,0,0,0,0,0,0,0.0878795319254915,0,0,0,0,0,0,0,0,0,0,0,0,0,0,0.0875953047865491,0,0.0739929449206877,0,0,0,0,0,0,"C17C3.13","C17C3.13","NR LBD domain-containing protein","Papain-like cysteine peptidase superfamily",NA,NA,NA,NA,NA,NA,NA,NA
"73","WBGene00016223",0,0,0,0,0,0,0,0,0,0,0,0,0,0,0,0,0,0,0,0,0,0,0,0,0,0,0,0,0,0,0,0,0,0,0,0,0,0,0,0,0.143834953418331,0,0,"C29F9.9","C29F9.9","DUF4708 domain-containing protein","",NA,NA,NA,NA,NA,NA,NA,NA
"74","WBGene00016646",0,0,0,0,0,0,0,0,0,0,0,0,0,0,0,0,0,0,0,0,0,0,0,0,0,0,0,0,0,0,0,0,0,0,0,0,0,0,0,0,0,0,0,"fbxc-5","C44C8.1","F-box C protein","Protein of unknown function DUF3557",NA,NA,NA,NA,NA,NA,NA,NA
"75","WBGene00016647",0,0,0,0,0,0,0,0,0,0,0,0,0,0,0,0,0,0,0,0,0,0,0,0,0,0,0,0,0,0,0,0,0,0,0,0,0,0,0,0,0,0,0,"fbxc-4","C44C8.2","F-box C protein","Protein of unknown function DUF3557",NA,NA,NA,NA,NA,NA,NA,NA
"76","WBGene00016648",0,0,0,0,0,0,0,0,0,0,0,0,0,0,0,0,0,0,0,0,0,0,0,0,0,0,0,0,0,0,0,0,0,0,0,0,0,0,0,0,0,0,0,"fbxc-2","C44C8.3","F-box C protein","Protein of unknown function DUF3557",NA,NA,NA,NA,NA,NA,NA,NA
"77","WBGene00016649",0,0,0,0,0,0,0,0,0,0,0,0,0,0,0,0,0,0,0,0,0,0,0,0,0,0,0,0,0,0,0,0,0,0,0,0,0,0,0,0,0,0,0,"fbxc-1","C44C8.4","F-box C protein","Protein of unknown function DUF3557",NA,NA,NA,NA,NA,NA,NA,NA
"78","WBGene00016895",0,0,0,0,0,0,0,0,0,0,0,0,0.0538747327341852,0,0,0.113291288670282,0.212605372537764,0,0,0,0,0,0,0,0,0,0,0.073457650122094,0,0.185876404458878,0,0,0,0,0,0,0.147985889841375,0.0640625127124049,0,0,0,0,0.146917480271186,"C53B7.6","C53B7.6","","",NA,NA,NA,NA,NA,NA,NA,NA
"79","WBGene00017104",0,0,0,0,0,0,0,0,0,0,0,0,0,0,0,0,0,0,0,0,0,0,0,0,0,0,0,0,0,0,0,0,0,0,0,0,0,0,0,0,0,0,0,"E02H9.6","E02H9.6","XK-related protein","",NA,NA,NA,NA,NA,NA,NA,NA
"80","WBGene00017185",0,0,0,0,0,0,0,0,0,0,0,0,0,0,0,0,0,0,0,0,0,0,0,0,0,0,0,0,0,0,0,0,0,0,0,0,0,0,0,0,0,0,0,"F07B7.1","F07B7.1","CCHC-type domain-containing protein","",NA,NA,NA,NA,NA,NA,NA,NA
"81","WBGene00017186",0,0,0,0,0,0,0,0,0,0,0,0,0,0,0,0,0,0,0,0,0,0,0,0,0,0,0,0,0,0,0,0,0,0,0,0,0,0,0,0,0,0,0,"F07B7.2","F07B7.2","Retrotransposon protein","",NA,NA,NA,NA,NA,NA,NA,NA
"82","WBGene00017188",0,0,0,0,0,0,0,0,0,0,0,0,0,0,0,0,0,0,0,0,0,0,0,0,0,0,0,0,0,0,0,0,0,0,0,0,0,0,0,0,0,0,0,"F07B7.7","F07B7.7","Core protein VP7","",NA,NA,NA,NA,"CRE20908 | WBGene00068561",7.47126,NA,NA
"83","WBGene00017189",0,0,0,0,0,0,0,0,0,0,0,0.188110654211233,0.0538747327341852,0,0,0,0,0,0,0,0,0,0,0,0.147022738095606,0,0.0855968712631616,0,0,0,0,0.26977981785276,0,0,0,0,0.0739929449206877,0,0,0,0.0719174767091656,0,0,"F07B7.8","F07B7.8","DUF19 domain-containing protein","Domain of unknown function DUF19, Uncharacterised protein family UPF0376","CBG00773 | WBGene00024110",37.0787,NA,NA,"CRE05590 | WBGene00053179",38.2022,NA,NA
"84","WBGene00017191",0,0,0,0,0,0,0,0,0,0,0,0,0,0,0,0,0,0,0,0,0,0,0,0,0,0,0,0,0,0,0,0,0,0,0,0,0,0,0,0,0,0,0,"F07B7.13","F07B7.13","DUF19 domain-containing protein","Domain of unknown function DUF19, Uncharacterised protein family UPF0376","CBG00758 | WBGene00024099",70.7921,"CBN16049 | WBGene00154774",71.7822,"CRE05597 | WBGene00053183",72.2772,NA,NA
"85","WBGene00017192",0,0,0,0,0,0,0,0,0,0,0,0,0,0,0,0,0,0,0,0,0,0.179087263851057,0,0,0,0,0,0,0,0,0,0,0,0,0,0,0,0,0,0,0,0,0,"F07B7.14","F07B7.14","DUF19 domain-containing protein","Domain of unknown function DUF19, Uncharacterised protein family UPF0376","CBG00773 | WBGene00024110",40.3315,NA,NA,"CRE05590 | WBGene00053179",43.0939,NA,NA
"86","WBGene00017267",0,0,0,0,0,0,0,0,0,0,0,0,0,0,0,0.056645644335141,0,0,0,0,0,0,0,0,0,0,0,0,0,0,0,0,0.0732767309667538,0,0,0,0,0,0.0714604785322361,0.0693125580492674,0,0,0,"numr-2","F08F8.1","NUclear localized Metal Responsive","Uncharacterized strongylid L4 protein","Cbr-numr-1 | WBGene00042194",34.1637,"CBN11843 | WBGene00150568",38.0783,NA,NA,"CJA37166 | WBGene00213013",44.484
"87","WBGene00017270",0,0,0,0,0,0,0,0,0,0.0569942162269373,0,0,0,0,0,0,0,0,0,0,0,0,0.0655388350694898,0,0,0,0,0,0,0.0619588014862925,0,0,0,0,0.0875953047865491,0,0,0,0,0,0,0,0.440752440813559,"numr-1","F08F8.5","NUclear localized Metal Responsive","Uncharacterized strongylid L4 protein","Cbr-numr-1 | WBGene00042194",34.1637,"CBN11843 | WBGene00150568",38.0783,NA,NA,"CJA37166 | WBGene00213013",44.484
"88","WBGene00018459",0,0,0,0,0,0,0,0,0,0,0,0,0,0,0,0,0,0,0,0,0,0,0,0,0,0,0,0,0,0,0,0,0,0,0,0,0,0,0,0,0,0,0,"F45D11.14","F45D11.14","AAA domain-containing protein","Protein of unknown function DUF684",NA,NA,NA,NA,"CRE10645 | WBGene00070726",25.3937,NA,NA
"89","WBGene00018460",0,0,0,0,0,0,0,0,0,0,0,0,0,0,0,0,0,0,0,0,0,0,0,0,0,0,0,0,0,0,0,0,0,0,0,0,0,0,0,0,0,0,0,"F45D11.15","F45D11.15","B30.2/SPRY domain-containing protein","Protein of unknown function DUF684",NA,NA,NA,NA,"CRE10645 | WBGene00070726",25.7485,NA,NA
"90","WBGene00018461",0,0,0,0,0,0,0,0,0,0,0,0,0,0,0,0,0,0,0,0,0,0,0,0,0,0,0,0,0,0,0,0,0,0,0,0,0,0,0,0,0,0,0,"F45D11.16","F45D11.16","B30.2/SPRY domain-containing protein","Protein of unknown function DUF684",NA,NA,NA,NA,"CRE10645 | WBGene00070726",25.7485,NA,NA
"91","WBGene00018526",0,0,0,0,0,0,0,0,0,0,0,0,0,0,0,0,0,0,0,0,0,0,0,0,0,0,0,0.146915300244188,0,0,0,0,0,0,0.262785914359647,0,0,0,0.0714604785322361,0,0,0,0,"F47B3.2","F47B3.2","Protein-tyrosine phosphatase","Tyrosine-specific protein phosphatase, PTPase domain, Tyrosine-specific protein phosphatases domain, Protein-tyrosine phosphatase, catalytic, Protein-tyrosine phosphatase, active site, Protein-tyrosine phosphatase-like",NA,NA,NA,NA,NA,NA,NA,NA
"92","WBGene00018530",0,0,0,0,0,0,0,0,0,0,0,0,0,0,0,0,0,0,0,0,0,0,0,0,0,0,0,0,0,0,0,0,0,0,0,0,0,0,0,0,0,0,0,"F47B3.6","F47B3.6","Tyrosine-protein phosphatase","Tyrosine-specific protein phosphatase, PTPase domain, Tyrosine-specific protein phosphatases domain, Protein-tyrosine phosphatase, catalytic, Protein-tyrosine phosphatase, active site, Protein-tyrosine phosphatase-like","CBG20357 | WBGene00039360",79.8898,"CBN18535 | WBGene00157260",74.6556,"CRE14124 | WBGene00063903",68.3196,"CJA14018 | WBGene00133222",69.9725
"93","WBGene00018684",0,0,0.104298011542765,0,0,0,0.0561647433237531,0,0,0.0569942162269373,0,0,0,0,0.102543036543364,0,0,0,0,0,0,0,0,0.128436330065442,0,0,0,0.073457650122094,0,0,0,0.0674449544631901,0,0,0.175190609573098,0.0554585862175542,0,0,0,0.0693125580492674,0,0,0,"fbxa-41","F52D2.1","F-box domain-containing protein","F-box domain, Domain of unknown function DUF38/FTH, Caenorhabditis species, F-box-like domain superfamily, F-box A protein FB224",NA,NA,NA,NA,NA,NA,NA,NA
"94","WBGene00018910",0,0,0.0521490057713826,0,0,0,0,0,0,0,0,0,0,0,0,0,0,0,0,0,0,0,0,0,0,0,0,0,0,0,0,0,0,0,0,0,0,0,0,0,0,0,0,"F56A4.2","F56A4.2","C-type lectin domain-containing protein","C-type lectin-like, C-type lectin-like/link domain superfamily, C-type lectin fold","Cbr-clec-85 | WBGene00024435",40.8784,"CBN08960 | WBGene00147685",25.3378,"CRE24278 | WBGene00072469",17.9054,NA,NA
"95","WBGene00018911",0,0,0.0521490057713826,0,0,0,0,0,0,0,0,0,0,0,0,0,0,0,0,0,0,0,0,0,0,0,0,0,0,0,0,0,0,0,0,0,0,0,0,0,0,0,0,"F56A4.3","F56A4.3","GST N-terminal domain-containing protein","Glutathione S-transferase, N-terminal, Thioredoxin-like superfamily, Glutathione transferase family","CBG01286 | WBGene00024546",51.7986,"CBN30082 | WBGene00192047",43.8849,"CRE08771 | WBGene00080998",46.7626,"CJA03641 | WBGene00122845",45.3237
"96","WBGene00018912",0,0,0,0,0,0,0,0,0,0,0,0,0,0,0,0,0,0,0,0,0,0,0,0,0,0,0,0,0,0,0,0,0,0,0,0,0,0,0,0,0,0,0,"F56A4.4","F56A4.4","GST N-terminal domain-containing protein","Glutathione S-transferase, N-terminal, Thioredoxin-like superfamily, Glutathione transferase family","CBG01288 | WBGene00024548",66.1417,"CBN30082 | WBGene00192047",52.7559,"CRE08771 | WBGene00080998",61.4173,"CJA03641 | WBGene00122845",62.9921
"97","WBGene00018913",0,0,0,0,0,0,0,0,0,0,0,0,0,0,0,0,0,0,0,0,0,0,0,0,0,0,0,0,0,0,0,0,0,0,0,0,0,0,0,0,0,0,0,"F56A4.5","F56A4.5","CHK domain-containing protein","Protein kinase-like domain superfamily, Uncharacterised  oxidoreductase Dhs-27, CHK kinase-like",NA,NA,"CBN07150 | WBGene00145875",53.11,"CRE05040 | WBGene00063754",53.3493,NA,NA
"98","WBGene00018915",0,0,0,0,0,0,0,0,0,0,0,0,0,0,0,0,0,0,0,0,0,0,0,0,0,0,0,0,0,0,0,0,0,0,0,0,0,0,0,0.0693125580492674,0,0.143278237597442,0,"str-267","F56A4.7","Seven TM Receptor","7TM GPCR, serpentine receptor class r (Str)","CBG11643 | WBGene00032736",33.2353,NA,NA,"CRE10749 | WBGene00076429",29.1176,NA,NA
"99","WBGene00018917",0,0,0,0,0,0,0,0,0,0,0,0,0,0,0,0,0,0,0,0,0,0,0,0,0,0,0,0,0,0,0,0,0,0,0,0,0,0,0,0,0,0,0,"irld-35","F56A4.9","Recep_L_domain domain-containing protein","Receptor L-domain, Receptor L-domain superfamily","Cbr-irld-30 | WBGene00024408",32.419,"CBN30928 | WBGene00192893",19.202,"CRE16011 | WBGene00061149",36.1596,NA,NA
"100","WBGene00018918",0,0,0,0,0,0,0,0,0,0,0,0,0,0,0,0,0,0,0,0,0,0,0,0,0,0,0,0,0,0,0,0,0,0,0,0,0,0,0,0,0,0,0,"F56A4.10","F56A4.10","MFS domain-containing protein","Major facilitator superfamily, Major facilitator superfamily domain, MFS transporter superfamily, ",NA,NA,"CBN08565 | WBGene00147290",46.1702,"CRE16013 | WBGene00061148",51.9149,"CJA11085 | WBGene00130289",43.8298
"101","WBGene00018920",0,0,0.156447017314148,0,0,0,0,0,0,0,0,0,0,0,0,0,0,0,0,0,0,0,0,0,0,0,0,0,0,0,0,0,0,0,0,0,0,0,0,0,0,0,0,"F56A4.12","F56A4.12","MFS domain-containing protein","Major facilitator superfamily, Major facilitator superfamily domain, MFS transporter superfamily","CBG01115 | WBGene00024393",84.9462,"CBN02580 | WBGene00141305",78.2796,"CRE16021 | WBGene00061139",86.6667,"CJA11085 | WBGene00130289",50.1075
"102","WBGene00019072",0,0,0.0521490057713826,0.0815082614736123,0,0,0,0,0,0,0,0,0.10774946546837,0,0,0,0,0,0,0,0,0,0,0,0,0,0,0,0,0,0,0,0,0,0,0,0,0,0,0,0,0,0,"fbxc-8","F58H7.7","F-box C protein","Protein of unknown function DUF3557",NA,NA,NA,NA,NA,NA,NA,NA
"103","WBGene00019073",0,0,0,0,0,0,0,0,0,0,0,0,0,0,0,0,0,0,0,0,0,0,0,0,0,0,0,0,0,0,0,0,0,0,0,0,0,0,0,0,0,0,0,"fbxc-3","F58H7.8","F-box C protein","Protein of unknown function DUF3557",NA,NA,NA,NA,NA,NA,NA,NA
"104","WBGene00019283",0,0,0,0,0,0,0,0,0,0,0,0,0,0,0,0.056645644335141,0,0,0,0,0,0,0,0,0,0,0,0,0,0,0.0681720788707322,0.0674449544631901,0.146553461933508,0.120781779392201,0,0,0.147985889841375,0,0,0,0,0,0,"K01A2.9","K01A2.9","Transmembrane protein","","CBG07048 | WBGene00029219",76,NA,NA,"Cre-mps-2 | WBGene00064702",60.6667,NA,NA
"105","WBGene00019342",0.104580139499448,0,0,0.163016522947225,0,0,0.112329486647506,0,0,0,0,0.188110654211233,0,0,0,0.056645644335141,0,0,0,0,0,0,0,0,0,0,0,0,0,0,0,0,0,0,0,0,0,0,0,0,0,0,0.146917480271186,"K02F6.8","K02F6.8","BTB domain-containing protein","BTB/POZ domain, Potassium channel tetramerisation-type BTB domain, SKP1/BTB/POZ domain superfamily, BTB/POZ domain-containing adapter for CUL3-mediated RhoA degradation protein 1/2/3",NA,NA,NA,NA,NA,NA,NA,NA
"106","WBGene00019442",0,0,0,0,0,0,0,0,0,0,0,0,0,0,0,0,0,0,0,0,0,0,0,0,0,0,0,0,0,0,0,0,0,0,0,0,0,0,0,0,0,0,0,"K06C4.1","K06C4.1","DUF19 domain-containing protein","Domain of unknown function DUF19, Uncharacterised protein family UPF0376","CBG00773 | WBGene00024110",37.0787,NA,NA,"CRE05590 | WBGene00053179",38.2022,NA,NA
"107","WBGene00019835",0,0,0,0,0,0,0,0,0,0,0,0,0,0,0.102543036543364,0,0,0,0,0,0,0,0,0,0,0,0,0,0,0,0,0,0.0732767309667538,0,0,0,0,0.0640625127124049,0,0,0.0719174767091656,0,0,"R02F2.6","R02F2.6","","",NA,NA,NA,NA,NA,NA,NA,NA
"108","WBGene00021023",0,0,0,0,0,0,0,0,0,0,0,0,0,0,0.102543036543364,0,0,0,0,0,0,0,0,0,0,0,0,0,0,0,0,0,0,0,0,0,0,0,0,0,0,0,0,"W04B5.6","W04B5.6","XK-related protein","",NA,NA,NA,NA,NA,NA,NA,NA
"109","WBGene00021086",0,0,0,0,0,0,0,0,0,0,0.204210618747964,0,0.0538747327341852,0,0,0,0,0,0,0,0,0,0,0,0,0,0,0,0,0.0619588014862925,0,0,0,0.0603908896961004,0,0,0,0,0,0,0,0,0,"W08E12.5","W08E12.5","CC domain-containing protein","","CBG01626 | WBGene00024836",80.1418,"CBN13573 | WBGene00152298",81.5603,"CRE10758 | WBGene00079707",56.0284,"CJA11865 | WBGene00131069",70.2128
"110","WBGene00021106",0,0,0,0,0,0,0,0,0,0,0,0,0,0,0,0,0,0,0,0,0,0,0,0,0,0,0,0,0,0,0,0,0,0,0,0,0,0,0,0,0,0,0,"W09B7.1","W09B7.1","CCHC-type domain-containing protein","",NA,NA,NA,NA,NA,NA,NA,NA
"111","WBGene00021107",0,0,0,0,0,0,0,0,0,0,0,0,0,0,0,0,0,0,0,0,0,0,0,0,0,0,0,0,0,0,0,0,0,0,0,0,0,0,0,0,0,0,0,"W09B7.2","W09B7.2","Retrotransposon protein","",NA,NA,NA,NA,NA,NA,NA,NA
"112","WBGene00021108",0,0,0,0,0,0,0,0,0,0,0,0,0,0,0,0,0,0,0,0,0,0,0,0,0,0,0,0,0,0,0,0,0,0,0,0,0,0,0,0,0,0,0,"W09B7.3","W09B7.3","DUF19 domain-containing protein","Domain of unknown function DUF19, Uncharacterised protein family UPF0376","CBG00773 | WBGene00024110",40.3315,NA,NA,"CRE05590 | WBGene00053179",43.0939,NA,NA
"113","WBGene00021150",0,0,0,0,0,0,0,0,0,0,0,0,0,0,0,0,0,0,0,0,0,0,0,0,0,0,0,0,0,0,0,0,0,0,0,0,0,0,0,0,0,0,0,"Y1B5A.1","Y1B5A.1","","",NA,NA,NA,NA,NA,NA,NA,NA
"114","WBGene00021216",0,0,0,0,0,0,0,0,0,0,0,0,0,0,0,0,0,0,0,0,0,0,0,0,0,0,0,0,0,0,0,0,0,0,0,0,0,0,0,0,0,0,0,"Y19D10A.1","Y19D10A.1","Seven TM Receptor","7TM GPCR, serpentine receptor class r (Str)","CBG13173 | WBGene00033975",54.8295,NA,NA,"CRE04877 | WBGene00055901",59.0909,"CJA03630 | WBGene00122834",15.3409
"115","WBGene00021217",0,0,0,0,0,0,0,0,0,0,0,0,0,0,0,0,0,0,0,0,0,0,0,0,0,0,0,0,0,0,0,0,0,0,0,0,0,0,0,0,0,0,0,"Y19D10A.2","Y19D10A.2","Seven TM Receptor","7TM GPCR, serpentine receptor class r (Str)","CBG13173 | WBGene00033975",56.25,NA,NA,"CRE04877 | WBGene00055901",60.7955,"CJA03630 | WBGene00122834",15.625
"116","WBGene00021219",0,0,0.0521490057713826,0,0,0,0,0,0,0,0,0,0,0,0,0,0,0,0,0,0,0,0,0,0,0,0,0,0,0,0,0,0,0,0,0,0,0,0,0,0,0,0,"Y19D10A.4","Y19D10A.4","MFS domain-containing protein","Major facilitator superfamily, Major facilitator superfamily domain, MFS transporter superfamily, ","CBG01182 | WBGene00024452",82.5263,"CBN05714 | WBGene00144439",85.2632,"CRE15892 | WBGene00061136",86.1053,"CJA05250 | WBGene00124454",49.2632
"117","WBGene00021220",0,0,0,0,0,0,0,0,0,0,0,0,0,0,0,0,0,0,0,0,0,0,0,0,0,0,0,0,0,0,0,0,0,0,0,0,0,0,0,0,0,0,0,"Y19D10A.5","Y19D10A.5","MFS domain-containing protein","Major facilitator superfamily, Major facilitator superfamily domain, MFS transporter superfamily, ","CBG01117 | WBGene00024395",85.3557,"CBN22679 | WBGene00161404",85.7741,"CRE15890 | WBGene00082007",33.682,"CJA00541 | WBGene00119745",78.2427
"118","WBGene00021221",0,0,0,0,0,0,0,0,0,0,0,0,0,0,0,0,0,0,0,0,0,0,0,0,0,0,0,0,0,0,0,0,0,0,0,0,0,0,0,0,0,0,0,"Y19D10A.6","Y19D10A.6","Metalloendopeptidase","Peptidase M12A, Peptidase, metallopeptidase, Metallopeptidase, catalytic domain superfamily","Cbr-nas-3 | WBGene00038529",64.7059,"Cbn-nas-3 | WBGene00163977",64.7059,"Cre-nas-3.2 | WBGene00071266",66.1765,"Cjp-nas-3 | WBGene00126375",66.1765
"119","WBGene00021222",0,0,0.104298011542765,0,0,0,0,0,0,0,0,0,0,0,0,0,0,0,0,0,0,0,0,0,0,0,0,0,0,0,0,0,0,0,0,0,0,0,0,0,0,0,0.146917480271186,"irld-53","Y19D10A.7","Recep_L_domain domain-containing protein","Receptor L-domain, Receptor L-domain superfamily","Cbr-irld-30 | WBGene00024408",32.419,"CBN30928 | WBGene00192893",19.202,"CRE16011 | WBGene00061149",36.1596,NA,NA
"120","WBGene00021223",0,0,0,0,0,0,0,0,0,0,0,0,0,0,0,0,0,0,0,0,0,0,0,0,0,0,0,0,0,0,0,0,0,0,0,0,0,0,0,0,0,0,0,"Y19D10A.8","Y19D10A.8","MFS domain-containing protein","Major facilitator superfamily, Major facilitator superfamily domain, MFS transporter superfamily, ",NA,NA,"CBN08565 | WBGene00147290",46.9432,"CRE16013 | WBGene00061148",53.2751,"CJA11085 | WBGene00130289",44.9782
"121","WBGene00021224",0,0,0.0521490057713826,0,0,0,0,0,0,0,0,0,0,0,0,0,0,0,0,0,0,0,0,0,0,0,0,0,0,0,0,0,0,0,0,0,0,0,0,0,0,0,0,"clec-209","Y19D10A.9","C-type lectin domain-containing protein","C-type lectin-like, C-type lectin-like/link domain superfamily, C-type lectin fold","Cbr-clec-85 | WBGene00024435",40.8784,"CBN08960 | WBGene00147685",25.3378,"CRE24278 | WBGene00072469",17.9054,NA,NA
"122","WBGene00021227",0,0,0.677937075027974,0,0,0,0,0,0,0,0,0,0,0,0,0,0,0,0,0,0,0,0,0,0,0,0,0,0,0,0,0,0,0,0,0,0,0,0,0,0,0,0,"mct-1","Y19D10A.12","MFS domain-containing protein","Major facilitator superfamily, Major facilitator superfamily domain, MFS transporter superfamily","Cbr-mct-1 | WBGene00024394",69.4853,"Cbn-mct-1.2 | WBGene00161657",72.0588,"Cre-mct-1 | WBGene00061138",62.3162,"Cjp-mct-1 | WBGene00130614",72.6103
"123","WBGene00021228",0,0,0,0,0.0638079961245576,0,0,0,0,0,0,0,0,0,0,0,0,0,0,0,0,0,0,0,0,0,0,0,0,0,0,0,0,0,0,0,0,0,0,0,0,0,0,"str-265","Y19D10A.13","Seven TM Receptor","7TM GPCR, serpentine receptor class r (Str)",NA,NA,NA,NA,NA,NA,NA,NA
"124","WBGene00021566",0,0,0,0,0,0,0,0,0,0,0,0,0,0,0,0,0,0,0,0,0,0,0,0,0,0,0,0,0,0,0,0,0,0,0.0875953047865491,0,0,0,0,0,0,0,0,"Y45G12C.3","Y45G12C.3","GST N-terminal domain-containing protein","Glutathione S-transferase, N-terminal, Thioredoxin-like superfamily, Glutathione transferase family","CBG01288 | WBGene00024548",66.1417,"CBN30082 | WBGene00192047",52.7559,"CRE08771 | WBGene00080998",61.4173,"CJA03641 | WBGene00122845",62.9921
"125","WBGene00021567",0,0,0,0,0,0,0,0,0,0,0,0,0,0,0,0,0,0,0,0,0,0,0,0,0,0,0,0,0,0,0,0,0,0,0,0,0,0,0,0,0,0,0,"Y45G12C.4","Y45G12C.4","CHK domain-containing protein","Protein kinase-like domain superfamily, Uncharacterised  oxidoreductase Dhs-27, CHK kinase-like",NA,NA,"CBN07150 | WBGene00145875",53.11,"CRE05040 | WBGene00063754",53.3493,NA,NA
"126","WBGene00021568",0,0,0,0,0,0,0,0,0,0,0,0,0,0,0,0,0,0,0,0,0,0,0,0,0,0,0,0,0,0,0,0,0,0,0,0,0,0,0,0,0,0,0,"srt-2","Y45G12C.5","Serpentine Receptor, class T","7TM GPCR, serpentine receptor class t (Srt)","CBG12125 | WBGene00033124",57.2254,"Cbn-srt-2 | WBGene00149649",66.185,"CRE08842 | WBGene00075245",19.6532,"CJA31500 | WBGene00207347",20.2312
"127","WBGene00021569",0,0,0,0,0,0,0,0,0,0,0,0,0,0,0,0,0,0,0,0,0,0,0,0,0,0,0,0,0,0,0,0,0,0,0,0,0,0,0,0,0,0,0,"Y45G12C.6","Y45G12C.6","Seven TM Receptor","7TM GPCR, serpentine receptor class r (Str)",NA,NA,"CBN10716 | WBGene00149441",41.4201,"CRE15898 | WBGene00061129",68.3432,NA,NA
"128","WBGene00021570",0,0,0,0,0,0,0,0,0,0,0,0,0,0,0,0,0,0,0,0,0,0,0,0,0,0,0,0,0,0,0,0,0,0,0,0,0,0,0,0,0,0,0,"srd-73","Y45G12C.7","Serpentine Receptor, class D (Delta)","7TM GPCR, serpentine receptor class d (Srd)","Cbr-srd-60 | WBGene00024402",64.1176,"CBN07729 | WBGene00146454",57.9412,"CRE15895 | WBGene00061132",48.8235,NA,NA
"129","WBGene00021571",0,0,0.0521490057713826,0,0.0638079961245576,0,0,0,0,0,0,0,0,0,0,0,0,0,0,0,0,0,0,0,0,0,0,0,0,0,0,0,0,0,0,0,0,0,0,0,0,0,0,"srbc-81","Y45G12C.8","Serpentine Receptor, class BC (Class B-like)","7TM GPCR, serpentine receptor class bc (Srbc)",NA,NA,NA,NA,NA,NA,NA,NA
"130","WBGene00021572",0,0,0,0,0,0,0,0,0,0,0,0,0,0,0,0,0,0,0,0,0,0,0,0,0,0,0,0,0,0,0,0,0,0,0,0,0,0,0,0,0,0,0,"srd-72","Y45G12C.9","Serpentine Receptor, class D (Delta)","7TM GPCR, serpentine receptor class d (Srd), ","Cbr-srd-72 | WBGene00024400",73.9938,"Cbn-srd-72.1 | WBGene00142557",81.7337,"Cre-srd-72 | WBGene00061131",77.3994,NA,NA
"131","WBGene00021573",0,0,0,0,0,0,0,0,0,0,0,0,0,0,0,0,0,0,0,0,0,0,0,0,0,0,0,0,0,0,0,0,0,0,0,0,0,0,0,0,0,0,0,"Y45G12C.10","Y45G12C.10","Seven TM Receptor","7TM GPCR, serpentine receptor class r (Str)",NA,NA,"CBN28096 | WBGene00190061",33.3333,NA,NA,"CJA00724 | WBGene00119928",16.2242
"132","WBGene00021961",0,0,0,0,0,0,0,0,0,0,0,0,0,0,0,0.169936933005423,0,0,0,0,0,0,0,0,0,0,0,0.073457650122094,0,0,0,0.13488990892638,0.0732767309667538,0,0,0.0554585862175542,0,0,0.214381435596708,0.0693125580492674,0.143834953418331,0,0,"Y57E12B.1","Y57E12B.1","Secreted protein","",NA,NA,NA,NA,NA,NA,NA,NA
"133","WBGene00021987",0,0,0,0,0,0,0,0,0,0,0,0,0,0,0,0,0,0,0,0,0,0,0,0,0,0,0,0,0,0,0,0,0,0,0,0,0,0,0,0,0,0,0,"fbxa-40","Y59E1A.1","F-box domain-containing protein","F-box domain, Domain of unknown function DUF38/FTH, Caenorhabditis species, F-box-like domain superfamily, F-box A protein FB224",NA,NA,NA,NA,NA,NA,NA,NA
"134","WBGene00021998",0,0,0,0,0,0,0,0,0,0,0,0,0,0,0,0,0,0,0,0,0,0,0,0,0,0,0.0855968712631616,0.073457650122094,0,0,0.136344157741464,0,0,0,0.175190609573098,0,0.0739929449206877,0,0,0.138625116098535,0.0719174767091656,0,0,"Y59E9AR.2","Y59E9AR.2","RNase NYN domain-containing protein","Ribonuclease Zc3h12a-like, NYN domain","CBG20097 | WBGene00039170",76.2402,"CBN07106 | WBGene00145831",72.0627,"CRE13542 | WBGene00064046",75.9791,"CJA02201 | WBGene00121404",71.5405
"135","WBGene00022000",0.104580139499448,0,0.312894034628296,0,0.0638079961245576,0,0,0,0,0,0,0,0,0,0,0,0,0,0.0651105929465434,0,0,0,0,0,0,0,0,0,0,0,0,0,0,0,0,0,0,0,0,0,0,0,0,"tbx-42","Y59E9AR.5","Putative T-box protein 30/42","T-box transcription factor, p53-like transcription factor, DNA-binding domain superfamily, Transcription factor, T-box, conserved site, T-box superfamily, T-box transcription factor, DNA-binding domain",NA,NA,NA,NA,"Cre-tbx-30 | WBGene00085738",27.5974,NA,NA
"136","WBGene00022003",0,0,0,0,0,0,0,0.344864094233424,0,0,0,0,0,0,0,0,0,0,0,0,0,0,0,0,0,0,0,0,0,0,0,0,0,0,0,0,0,0,0,0,0,0,0,"Y59E9AR.8","Y59E9AR.8","RNase NYN domain-containing protein","Ribonuclease Zc3h12a-like, NYN domain","CBG20097 | WBGene00039170",76.2402,"CBN07106 | WBGene00145831",72.0627,"CRE13542 | WBGene00064046",75.9791,"CJA02201 | WBGene00121404",71.5405
"137","WBGene00022006",0,0,0,0,0,0,0,0,0,0,0,0,0,0,0,0,0,0,0,0,0,0,0,0,0,0,0,0,0,0,0,0,0,0,0,0,0,0,0,0,0,0,0,"mpst-5","Y59H11AM.2","MercaptoPyruvate SulfurTransferase homolog","Rhodanese-like domain, Rhodanese-like domain superfamily, Sulfurtransferase TST/MPST-like","Cbr-mpst-5 | WBGene00038927",93,"Cbn-mpst-5 | WBGene00191175",92.6667,"Cre-mpst-5 | WBGene00056208",92.3333,"Cjp-mpst-5 | WBGene00129773",85.3333
"138","WBGene00022007",0,0,0,0,0,0,0,0,0,0,0,0,0,0,0,0,0,0,0,0,0,0,0,0,0,0,0,0,0,0,0,0,0,0,0,0,0,0,0,0,0,0,0,"mpst-6","Y59H11AM.3","MercaptoPyruvate SulfurTransferase homolog","Rhodanese-like domain, Rhodanese-like domain superfamily, Sulfurtransferase TST/MPST-like","Cbr-mpst-5 | WBGene00038927",93,"Cbn-mpst-5 | WBGene00191175",92.6667,"Cre-mpst-5 | WBGene00056208",92.3333,"Cjp-mpst-5 | WBGene00129773",85.3333
"139","WBGene00022338",0,0,0,0,0,0,0,0,0,0,0,0,0,0,0,0,0,0,0,0,0,0,0,0,0,0,0,0,0,0,0,0,0,0,0,0,0,0,0,0,0,0,0,"Y82E9BR.5","Y82E9BR.5","","",NA,NA,NA,NA,NA,NA,NA,NA
"140","WBGene00022481",0,0,0,0,0,0,0,0,0,0,0,0,0,0,0,0,0,0,0,0,0,0,0,0,0,0,0,0,0,0,0,0,0,0,0,0,0,0,0,0,0,0,0,"srz-9","Y119D3B.3","Serpentine Receptor, class Z","7TM GPCR, serpentine receptor class z (Srz)",NA,NA,NA,NA,NA,NA,NA,NA
"141","WBGene00022482",0,0,0,0,0,0,0,0,0,0,0,0,0,0,0,0,0,0,0,0,0,0,0,0,0,0,0,0,0,0,0,0,0,0,0,0,0,0,0,0,0,0,0,"fbxa-208","Y119D3B.4","FTH domain-containing protein","Domain of unknown function DUF38/FTH, Caenorhabditis species",NA,NA,NA,NA,NA,NA,NA,NA
"142","WBGene00023493",0,0,0,0,0,0,0,0,0,0,0,0,0,0,0,0,0,0,0,0,0,0,0,0,0,0.236069146541575,0,0.073457650122094,0,0,0,0,0.0732767309667538,0,0,0.110917172435108,0,0,0.0714604785322361,0,0,0,0,"nspc-12","F42F12.10","Nematode Specific Peptide family, group C","","CBG10624 | WBGene00031957",65.3465,"CBN23830 | WBGene00162555",66.3366,"CRE03544 | WBGene00074111",60.396,"CJA15246 | WBGene00134450",56.4356
"143","WBGene00043989",0,0,0,0,0,0,0.0561647433237531,0,0.0800956213566004,0,0,0,0.0538747327341852,0,0,0.056645644335141,0,0,0,0,0,0,0,0,0,0,0,0.146915300244188,0,0,0,0.13488990892638,0,0,0,0,0,0.0640625127124049,0,0,0,0,0,"AC8.11","AC8.11","","",NA,NA,NA,NA,NA,NA,NA,NA
"144","WBGene00044099",0,0,0,0,0,0,0,0,0,0,0,0,0,0,0,0,0,0,0,0,0,0,0,0,0,0,0,0,0,0,0,0,0,0,0,0,0,0,0,0,0,0,0,"srd-75","Y19D10A.15","Serpentine Receptor, class D (Delta)","7TM GPCR, serpentine receptor class d (Srd)","Cbr-srd-61 | WBGene00024403",42.5076,"CBN09383 | WBGene00148108",32.7217,"CRE15894 | WBGene00061133",62.9969,NA,NA
"145","WBGene00044131",0,0,0.782235086570739,0,0,0,0,0,0,0,0,0,0,0,0,0,0,0,0,0,0,0,0,0,0,0,0,0,0,0,0,0,0,0,0,0,0,0,0,0,0,0,0,"Y45G12C.16","Y45G12C.16","","","CBG01124 | WBGene00024401",49.7409,"CBN15764 | WBGene00154489",55.9585,"CRE15896 | WBGene00081974",46.6321,NA,NA
"146","WBGene00044192",0,0,0,0,0,0,0,0,0.0800956213566004,0,0,0,0,0,0.102543036543364,0,0,0,0,0,0,0,0,0,0,0,0,0.220372950366282,0,0,0,0,0.0732767309667538,0,0.175190609573098,0,0.0739929449206877,0.0640625127124049,0.0714604785322361,0,0,0,0,"F46B6.13","F46B6.13","","",NA,NA,NA,NA,NA,NA,NA,NA
"147","WBGene00044273",0,0,0,0,0,0,0,0,0,0,0,0,0,0,0,0,0,0,0,0,0,0,0,0,0,0,0,0,0,0,0,0,0,0,0,0,0,0,0,0,0,0,0,"nspa-6","H12D21.14","Nematode Specific Peptide family, group A","","CBG30040 | WBGene00270986",70.5882,NA,NA,"CRE01691 | WBGene00078007",85.2941,NA,NA
"148","WBGene00044274",0,0,0,0,0,0,0,0,0,0,0,0,0,0,0,0,0,0,0,0,0,0,0,0,0,0,0,0,0,0.0619588014862925,0,0,0,0,0,0,0,0,0,0,0,0.0716391187987209,0.146917480271186,"nspa-7","H12D21.15","Nematode Specific Peptide family, group A","","CBG30040 | WBGene00270986",70.5882,NA,NA,"CRE01691 | WBGene00078007",85.2941,NA,NA
"149","WBGene00044337",0,0,0,0,0,0,0,0,0,0,0,0,0,0,0,0,0,0,0,0,0,0,0,0,0,0,0,0.073457650122094,0,0,0,0,0,0,0,0,0,0,0,0,0,0,0,"nspc-2","C03G5.9","Nematode Specific Peptide family, group C","","CBG14427 | WBGene00034931",67.3267,"CBN23830 | WBGene00162555",68.3168,"CRE03544 | WBGene00074111",60.396,"CJA15246 | WBGene00134450",56.4356
"150","WBGene00044340",0,0,0,0,0,0,0,0,0,0,0,0,0,0,0,0,0,0,0,0,0,0,0,0,0.0735113690478028,0,0,0,0,0,0,0,0,0,0,0,0,0,0.0714604785322361,0,0,0,0,"nspc-5","C03G5.12","Nematode Specific Peptide family, group C","","CBG14427 | WBGene00034931",67.3267,"CBN23830 | WBGene00162555",68.3168,"CRE03544 | WBGene00074111",60.396,"CJA15246 | WBGene00134450",56.4356
"151","WBGene00044357",0,0,0,0,0,0,0,0,0,0,0,0,0,0,0,0,0,0,0,0,0,0,0,0,0,0,0,0,0,0,0,0,0.0732767309667538,0,0,0,0,0,0,0,0,0,0,"nspc-6","C03G5.13","Nematode Specific Peptide family, group C","","CBG14427 | WBGene00034931",67.3267,"CBN23830 | WBGene00162555",68.3168,"CRE03544 | WBGene00074111",60.396,"CJA15246 | WBGene00134450",56.4356
"152","WBGene00044364",0,0.140436459664261,0.0521490057713826,0,0,0,0.168494229971259,0,0,0,0,0,0,0,0,0,0,0,0,0,0.113524219767904,0,0,0,0,0.236069146541575,0.0855968712631616,0,0,0,0,0,0.0732767309667538,0,0,0,0,0,0,0,0,0,0,"nspf-1","F34D6.7","Nematode Specific Peptide family, group F","","CBG05951 | WBGene00028306",47.1264,"CBN30491 | WBGene00192456",43.6782,"CRE19622 | WBGene00081921",41.3793,NA,NA
"153","WBGene00044368",0,0,0,0,0,0,0,0,0,0,0,0,0,0,0.205086073086729,0,0,0,0,0,0,0,0,0.128436330065442,0,0,0,0.220372950366282,0,0,0,0.0674449544631901,0,0,0,0.0554585862175542,0,0.0640625127124049,0,0.0693125580492674,0,0.143278237597442,0,"K12H6.10","K12H6.10","","",NA,NA,NA,NA,NA,NA,NA,NA
"154","WBGene00044451",0,0,0,0,0,0,0,0,0.160191242713201,0.0569942162269373,0,0,0,0,0,0,0,0,0,0,0,0,0,0,0,0,0,0,0,0.0619588014862925,0,0,0,0,0,0,0.0739929449206877,0,0,0.0693125580492674,0,0,0,"fipr-19","Y69F12A.3","FIP (Fungus-Induced Protein) Related","Fungus-induced protein",NA,NA,NA,NA,NA,NA,NA,NA
"155","WBGene00044560",0,0,0,0,0,0,0,0,0,0,0,0,0,0,0,0,0,0.168743306163974,0.130221185893087,0,0,0,0,0,0,0,0,0,0,0,0,0,0,0,0,0,0.0739929449206877,0,0.142920957064472,0,0.0719174767091656,0.214917356396163,0,"C36C9.6","C36C9.6","EF-hand domain-containing protein","EF-Hand 1, calcium-binding site",NA,NA,NA,NA,NA,NA,NA,NA
"156","WBGene00044561",0,0,0,0,0,0,0,0,0,0,0,0,0,0,0,0,0,0,0,0,0,0,0,0,0,0,0,0,0,0,0,0,0,0,0,0,0,0,0,0,0,0,0,"Y75D11A.6","Y75D11A.6","Type II toxin-antitoxin system RelE/ParE family toxin","",NA,NA,NA,NA,NA,NA,NA,NA
"157","WBGene00044734",0,0,0.156447017314148,0,0,0,0,0,0,0,0,0,0,0,0,0,0,0,0,0,0,0,0,0,0,0,0,0,0,0,0,0,0,0,0,0,0,0,0,0,0,0,0,"Y19D10A.16","Y19D10A.16","Aldose 1-epimerase","Aldose 1-/Glucose-6-phosphate 1-epimerase, Galactose mutarotase-like domain superfamily, Glycoside hydrolase-type carbohydrate-binding, Aldose 1-epimerase, Galactose mutarotase-like","CBG01119 | WBGene00024397",83.9394,"CBN05985 | WBGene00144710",84.2424,"CRE15893 | WBGene00081998",85.7576,"CJA14582 | WBGene00133786",70
"158","WBGene00044735",0,0,0.0521490057713826,0,0,0,0,0,0,0,0,0,0,0,0,0,0,0,0,0,0,0,0,0,0,0,0,0,0,0,0,0,0,0,0,0,0,0,0,0,0,0,0,"Y19D10A.17","Y19D10A.17","Serpentine Receptor, class BC (Class B-like)","7TM GPCR, serpentine receptor class bc (Srbc)",NA,NA,NA,NA,NA,NA,NA,NA
"159","WBGene00044801",0,0,0,0,0,0,0,0,0,0,0,0,0,0,0,0,0,0,0,0,0,0,0,0,0,0,0,0,0,0,0,0,0,0,0,0,0,0,0,0,0,0,0.146917480271186,"ZC262.9","ZC262.9","Cytochrome C biogenesis protein","Tight junction protein, claudin-like","CBG30283 | WBGene00270521",41.1429,"CBN18355 | WBGene00157080",36,NA,NA,NA,NA
"160","WBGene00044802",0,0,0,0,0,0,0,0,0,0,0,0,0,0,0,0,0,0,0,0,0,0,0,0,0,0,0,0,0,0,0,0,0,0,0,0,0,0,0,0,0,0,0,"ZC262.10","ZC262.10","Cytochrome C biogenesis protein","Tight junction protein, claudin-like","CBG30283 | WBGene00270521",41.1429,"CBN18355 | WBGene00157080",36,NA,NA,NA,NA
"161","WBGene00045299",0,0,0,0,0,0,0,0,0,0,0,0,0,0,0,0,0,0,0,0,0,0,0,0,0,0,0,0,0,0,0,0,0,0,0,0,0,0,0,0,0,0,0,"fbxc-11","C44C8.8","F-box C protein","Protein of unknown function DUF3557",NA,NA,NA,NA,NA,NA,NA,NA
"162","WBGene00045300",0,0,0,0,0,0,0,0,0,0,0,0,0,0,0,0,0,0,0,0,0,0,0,0,0,0,0,0,0,0,0,0,0,0,0,0,0,0,0,0,0,0,0,"fbxc-10","C44C8.9","F-box C protein","Protein of unknown function DUF3557",NA,NA,NA,NA,NA,NA,NA,NA
"163","WBGene00045301",0,0,0,0,0,0,0.112329486647506,0,0,0.227976864907749,0,0,0,0,0.102543036543364,0,0,0,0,0,0,0,0.0655388350694898,0,0,0,0,0,0,0,0,0,0,0,0,0,0,0,0,0,0,0,0,"fbxc-9","C44C8.10","F-box C protein","Protein of unknown function DUF3557",NA,NA,NA,NA,NA,NA,NA,NA
"164","WBGene00050929",0,0,0,0,0,0,0,0,0,0,0,0,0,0,0,0,0,0,0,0,0,0,0,0,0,0,0,0,0,0,0,0,0,0,0,0,0,0,0,0,0,0,0,"F58D12.5","F58D12.5","C2H2-type domain-containing protein","Zinc finger C2H2-type",NA,NA,NA,NA,"CRE16263 | WBGene00068415",29.2373,"CJA22301 | WBGene00177873",19.0678
"165","WBGene00050959",0,0,0,0,0,0,0.0561647433237531,0,0,0.0569942162269373,0,0,0,0,0,0,0,0,0,0,0,0,0,0,0,0,0,0,0,0,0,0,0,0,0,0,0,0,0,0,0,0,0,"F26F2.9","F26F2.9","Transcription termination factor Rho","",NA,NA,NA,NA,NA,NA,NA,NA
"166","WBGene00077445",0.052290069749724,0,0,0,0,0,0,0,0,0.227976864907749,0,0,0,0,0,0,0,0,0,0,0,0,0,0,0,0,0,0.146915300244188,0,0,0,0,0.146553461933508,0,0,0.110917172435108,0,0,0.142920957064472,0,0,0,0.146917480271186,"Y51A2A.12","Y51A2A.12","Secreted protein","",NA,NA,NA,NA,NA,NA,NA,NA
"167","WBGene00086561",0,0,0,0,0,0,0,0,0,0,0,0,0,0,0,0,0,0,0,0,0,0,0,0,0,0,0,0,0,0,0,0,0,0.0603908896961004,0,0,0.0739929449206877,0,0,0,0,0,0,"K01A2.12","K01A2.12","Transmembrane protein","","CBG07048 | WBGene00029219",76,NA,NA,"Cre-mps-2 | WBGene00064702",60.6667,NA,NA
"168","WBGene00138714",0,0,0.0521490057713826,0,0.0638079961245576,0,0,0,0,0,0,0,0,0,0,0.056645644335141,0,0,0,0,0,0,0.13107767013898,0,0,0,0,0.073457650122094,0.111127175161654,0,0,0,0.146553461933508,0,0.0875953047865491,0.0554585862175542,0,0.0640625127124049,0.142920957064472,0,0,0,0,"T02D1.9","T02D1.9","","","CBG00384 | WBGene00023779",46.1538,NA,NA,"CRE28727 | WBGene00083804",39.5604,NA,NA
"169","WBGene00194698",0.052290069749724,0,0,0,0,0,0,0,0.160191242713201,0.0569942162269373,0,0,0,0,0,0,0,0,0,0,0,0,0,0,0,0,0,0,0,0,0,0,0,0,0.175190609573098,0,0.0739929449206877,0,0,0.0693125580492674,0,0.0716391187987209,0.293834960542372,"F49D11.11","F49D11.11","","","CBG29954 | WBGene00270382",46.6667,NA,NA,NA,NA,NA,NA
"170","WBGene00194833",0.104580139499448,0,0,0,0,0,0,0,0,0,0,0,0,0,0,0,0,0,0,0,0,0,0,0,0.0735113690478028,0,0,0.073457650122094,0,0,0.0681720788707322,0.13488990892638,0,0,0,0.0554585862175542,0,0.12812502542481,0.142920957064472,0,0,0.143278237597442,0,"F17E9.15","F17E9.15","Secreted protein","","CBG05876 | WBGene00028239",34.1176,"CBN22442 | WBGene00161167",45.8824,"CRE12690 | WBGene00068711",40,NA,NA
"171","WBGene00194922",0,0,0,0,0.0638079961245576,0,0,0,0,0,0,0,0,0,0,0.113291288670282,0,0,0,0,0,0,0,0,0.0735113690478028,0,0,0,0,0,0,0,0,0,0.175190609573098,0,0.0739929449206877,0,0.0714604785322361,0,0,0.143278237597442,0,"F13E9.19","F13E9.19","Secreted protein","",NA,NA,NA,NA,NA,NA,NA,NA
"172","WBGene00195158",0,0,0,0,0,0,0,0,0,0,0,0,0,0,0,0,0,0,0,0,0,0,0,0,0,0,0,0.146915300244188,0,0,0,0,0,0,0,0.166375758652662,0.147985889841375,0.12812502542481,0.0714604785322361,0.0693125580492674,0.0719174767091656,0,0,"F26F2.11","F26F2.11","Venom peptide","",NA,NA,NA,NA,NA,NA,NA,NA
"173","WBGene00195181",0,0.140436459664261,0,0,0,0,0,0,0,0,0,0,0,0,0,0,0,0,0,0,0,0,0,0,0,0,0,0,0,0.0619588014862925,0,0,0,0,0,0.0554585862175542,0.147985889841375,0,0.142920957064472,0,0,0,0,"F15H10.12","F15H10.12","","",NA,NA,NA,NA,NA,NA,NA,NA
"174","WBGene00195231",0,0,0,0,0,0,0,0,0,0.0569942162269373,0,0,0,0,0,0,0,0,0,0,0,0,0,0,0.147022738095606,0,0,0.220372950366282,0,0,0,0,0,0.241563558784401,0,0,0,0,0.142920957064472,0,0,0,0,"F36D1.14","F36D1.14","Secreted protein","",NA,NA,NA,NA,NA,NA,NA,NA
"175","WBGene00195232",0,0,0,0,0,0,0,0,0,0,0,0,0,0,0,0,0,0,0,0,0,0,0,0,0,0,0.171193742526323,0.073457650122094,0,0.0619588014862925,0,0,0,0,0,0,0,0,0,0.0693125580492674,0.143834953418331,0.143278237597442,0.293834960542372,"F36D1.15","F36D1.15","Phytosulfokine-beta","",NA,NA,NA,NA,NA,NA,NA,NA
"176","WBGene00206395",0,0,0,0,0,0,0,0,0,0,0,0,0,0,0,0,0,0,0,0,0,0,0,0,0,0,0,0,0,0,0,0,0,0,0,0,0.147985889841375,0,0.285841914128944,0.138625116098535,0,0.0716391187987209,0.146917480271186,"C08H9.18","C08H9.18","","",NA,NA,NA,NA,NA,NA,NA,NA
"177","WBGene00206421",0,0,0,0,0,0,0,0,0,0.0569942162269373,0,0,0,0,0,0,0,0,0,0,0,0,0,0,0,0,0,0,0,0,0.0681720788707322,0,0.0732767309667538,0,0,0,0,0.0640625127124049,0,0,0,0,0,"T26G10.8","T26G10.8","DUF4258 domain-containing protein","",NA,NA,NA,NA,NA,NA,NA,NA
"178","WBGene00206422",0,0,0,0,0,0,0,0,0,0,0,0,0,0,0,0,0,0,0,0,0,0.0895436319255283,0,0,0,0,0,0,0,0,0.0681720788707322,0,0,0,0,0,0.0739929449206877,0,0,0.0693125580492674,0.0719174767091656,0.0716391187987209,0,"T26G10.9","T26G10.9","DUF4258 domain-containing protein","",NA,NA,NA,NA,NA,NA,NA,NA
"179","WBGene00206468",0,0,0.0521490057713826,0,0,0,0,0,0,0,0,0,0,0,0,0,0,0,0,0,0,0,0,0,0,0,0,0,0,0,0,0,0,0,0,0,0,0,0,0,0,0,0,"ZC262.11","ZC262.11","","Tight junction protein, claudin-like","CBG30283 | WBGene00270521",30.0885,"CBN18355 | WBGene00157080",53.0973,NA,NA,NA,NA
"180","WBGene00206477",0,0,0.0521490057713826,0,0,0,0,0,0,0,0,0,0,0,0,0,0,0,0,0,0,0,0,0,0,0,0,0,0,0,0,0,0,0,0,0,0,0,0,0,0,0,0,"ZC262.12","ZC262.12","Colicin V production protein","Tight junction protein, claudin-like","CBG30283 | WBGene00270521",34.0659,"CBN18355 | WBGene00157080",49.4506,NA,NA,NA,NA
"181","WBGene00206499",0,0,0,0,0,0,0,0,0,0,0,0,0,0,0,0,0,0,0,0,0,0,0,0,0,0,0,0,0,0,0,0,0.0732767309667538,0,0.0875953047865491,0,0,0,0,0,0,0.0716391187987209,0,"C06H5.11","C06H5.11","Holin","",NA,NA,NA,NA,NA,NA,NA,NA
"182","WBGene00206503",0,0,0,0,0,0,0,0,0,0,0,0,0,0,0,0,0,0,0,0,0,0,0,0,0,0,0,0,0,0,0,0,0,0,0,0,0,0,0,0,0,0,0,"T26E4.18","T26E4.18","DUF4025 domain-containing protein","",NA,NA,NA,NA,NA,NA,NA,NA
"183","WBGene00206504",0,0,0,0,0,0,0,0,0,0,0,0,0,0,0,0,0,0,0,0,0,0,0,0,0,0,0,0,0,0,0,0,0,0,0,0,0,0,0,0,0,0,0,"K10G4.15","K10G4.15","Secreted protein","",NA,NA,NA,NA,NA,NA,NA,NA
"184","WBGene00219212",0,0,0,0,0,0,0,0,0,0,0,0,0,0,0,0,0,0,0,0,0,0,0,0,0,0,0,0,0,0,0,0,0,0,0,0,0,0,0,0,0,0,0,"K10G4.16","K10G4.16","Secreted protein","",NA,NA,NA,NA,NA,NA,NA,NA
"185","WBGene00219381",0,0,0.0521490057713826,0,0,0,0.0561647433237531,0,0,0.0569942162269373,0,0,0,0,0,0.056645644335141,0,0,0,0,0,0,0,0,0,0,0,0.073457650122094,0,0,0,0,0,0.0603908896961004,0.175190609573098,0,0,0,0.142920957064472,0.0693125580492674,0.0719174767091656,0,0,"C47A10.16","C47A10.16","Conjugal transfer protein TraR","",NA,NA,NA,NA,NA,NA,NA,NA
"186","WBGene00219446",0.052290069749724,0,0,0,0,0,0,0,0.160191242713201,0,0,0,0,0,0,0,0,0,0,0.0878795319254915,0,0,0,0,0,0,0,0,0,0,0,0,0,0,0,0,0.221978834762063,0.12812502542481,0,0,0.215752430127497,0,0,"C06H5.13","C06H5.13","","",NA,NA,NA,NA,NA,NA,NA,NA
"187","WBGene00219454",0.052290069749724,0,0,0,0,0,0,0,0.0800956213566004,0,0,0,0,0,0,0.056645644335141,0,0,0,0,0,0,0,0,0,0,0,0,0,0,0,0,0,0,0,0,0,0.12812502542481,0.142920957064472,0,0,0.0716391187987209,0,"C26H9A.3","C26H9A.3","Transcriptional regulator","",NA,NA,NA,NA,NA,NA,NA,NA
"188","WBGene00235081",0,0,0,0,0,0,0,0,0,0,0,0,0,0,0,0,0,0,0,0,0,0,0,0,0,0,0,0,0,0,0,0,0,0,0,0,0,0,0,0,0,0,0,"W06G6.21","W06G6.21","Rep_fac-A_C domain-containing protein","",NA,NA,"CBN14996 | WBGene00153721",30.5882,"CRE12374 | WBGene00067975",38.8235,NA,NA
"189","WBGene00235112",0,0,0,0,0,0,0,0,0,0.0569942162269373,0,0,0,0,0.205086073086729,0,0,0,0,0,0,0,0,0,0,0,0,0.073457650122094,0.111127175161654,0,0,0,0,0.0603908896961004,0,0,0.147985889841375,0,0,0,0.0719174767091656,0,0,"T23B5.6","T23B5.6","Transcriptional regulator","",NA,NA,NA,NA,NA,NA,NA,NA
"190","WBGene00235285",0,0,0,0,0,0,0,0,0,0,0,0,0,0,0,0,0,0,0,0,0,0,0,0,0.0735113690478028,0,0,0,0,0,0,0,0,0.181172669088301,0.175190609573098,0.110917172435108,0,0.0640625127124049,0.214381435596708,0,0,0,0,"F56D6.18","F56D6.18","E3 CR1-alpha","",NA,NA,NA,NA,NA,NA,NA,NA
"191","WBGene00235293",0,0,0,0,0,0,0,0,0,0,0,0,0.10774946546837,0,0,0,0,0,0,0,0,0,0,0,0,0,0,0,0,0,0,0,0.0732767309667538,0,0.262785914359647,0.221834344870217,0,0,0,0,0,0.0716391187987209,0,"F56D6.19","F56D6.19","COX2_TM domain-containing protein","",NA,NA,NA,NA,NA,NA,NA,NA
"192","WBGene00235298",0,0,0,0,0,0,0,0,0,0,0,0,0,0,0,0,0,0,0,0,0,0,0,0.128436330065442,0,0,0,0,0.111127175161654,0,0,0,0,0,0.525571828719294,0,0,0.0640625127124049,0.0714604785322361,0,0,0.0716391187987209,0,"F19B6.10","F19B6.10","","",NA,NA,NA,NA,NA,NA,NA,NA
"193","WBGene00235304",0.052290069749724,0,0.0521490057713826,0,0,0,0,0,0,0.0569942162269373,0,0,0,0,0,0.056645644335141,0,0,0,0.0878795319254915,0,0,0.0655388350694898,0.128436330065442,0.0735113690478028,0,0,0,0,0,0,0,0,0,0.0875953047865491,0,0,0,0.0714604785322361,0.0693125580492674,0,0,0,"Y116A8C.468","Y116A8C.468","","",NA,NA,NA,NA,NA,NA,NA,NA
"194","WBGene00235321",0,0,0,0,0,0,0,0,0,0,0,0,0,0,0,0,0,0,0,0,0,0,0,0,0,0,0,0,0,0,0,0,0,0,0,0,0,0,0,0,0,0,0,"Y73C8B.9","Y73C8B.9","Transposase","",NA,NA,NA,NA,NA,NA,NA,NA
"195","WBGene00235322",0,0,0,0,0,0,0,0,0,0,0,0,0,0,0,0,0,0,0,0,0,0,0,0,0,0,0,0,0,0,0,0,0,0,0,0,0,0,0,0,0,0,0,"F32F2.4","F32F2.4","C-type lectin domain-containing protein","",NA,NA,NA,NA,NA,NA,NA,NA
"196","WBGene00235339",0,0,0,0,0,0,0,0,0,0,0,0,0,0,0,0,0,0,0,0,0,0,0,0,0,0,0,0,0,0,0,0,0,0,0,0,0,0,0,0,0,0,0,"F14F8.15","F14F8.15","DUF5709 domain-containing protein","",NA,NA,NA,NA,NA,NA,NA,NA
"197","WBGene00235364",0,0,0,0,0,0,0,0,0,0,0,0,0,0,0.102543036543364,0,0,0,0,0,0,0.0895436319255283,0,0.128436330065442,0,0,0,0,0,0.0619588014862925,0,0,0.0732767309667538,0,0.175190609573098,0.0554585862175542,0,0,0.142920957064472,0,0,0,0,"F49F1.4","F49F1.4","F0F1 ATP synthase subunit C","",NA,NA,NA,NA,NA,NA,NA,NA
"198","WBGene00235365",0,0,0,0,0,0,0,0,0,0,0,0,0,0,0,0,0,0,0,0,0,0,0,0,0,0,0,0,0,0,0.0681720788707322,0.0674449544631901,0,0,0.0875953047865491,0,0,0,0,0,0.143834953418331,0.0716391187987209,0,"F49F1.15","F49F1.15","F0F1 ATP synthase subunit B","","CBG12647 | WBGene00033565",59.6154,"CBN20158 | WBGene00158883",61.5385,"CRE24751 | WBGene00079728",53.8462,NA,NA
"199","WBGene00269332",0,0,0,0.0815082614736123,0,0,0,0,0,0,0,0,0,0,0,0,0.106302686268882,0,0,0,0,0,0,0,0,0,0,0,0,0,0,0,0,0.120781779392201,0,0.166375758652662,0.147985889841375,0,0.142920957064472,0,0,0.0716391187987209,0,"Y39F10A.6","Y39F10A.6","Ovule protein","",NA,NA,NA,NA,NA,NA,NA,NA
"200","WBGene00269352",0,0,0,0,0,0,0,0,0,0,0,0.0940553271056166,0,0,0,0.113291288670282,0,0,0,0,0,0,0,0.256872660130884,0,0,0,0.073457650122094,0,0,0,0.13488990892638,0,0,0,0,0,0,0.0714604785322361,0,0,0,0,"K08D9.10","K08D9.10","Transcriptional regulator","",NA,NA,NA,NA,NA,NA,NA,NA
"201","WBGene00269391",0,0,0,0,0,0,0,0,0,0,0,0,0,0,0,0,0,0,0,0,0,0,0,0,0,0,0,0,0,0,0,0,0,0,0,0,0,0,0,0,0,0,0,"F54F2.14","F54F2.14","","",NA,NA,NA,NA,NA,NA,NA,NA
"202","WBGene00271567",0,0,0,0,0,0,0,0,0,0,0,0,0,0,0,0,0,0,0,0,0,0,0,0,0,0,0,0,0,0,0,0,0,0,0,0,0,0,0,0,0,0,0,"T28F4.8","T28F4.8","","",NA,NA,NA,NA,NA,NA,NA,NA
"203","WBGene00303051",0,0,0,0,0,0,0,0.172432047116712,0.0800956213566004,0,0,0,0,0,0,0,0,0,0,0,0,0,0,0,0.147022738095606,0,0.0855968712631616,0,0.111127175161654,0,0.0681720788707322,0,0,0,0.0875953047865491,0,0,0,0,0.0693125580492674,0.0719174767091656,0,0,"F01E11.20","F01E11.20","","",NA,NA,NA,NA,NA,NA,NA,NA
"204","WBGene00303067",0.052290069749724,0,0,0,0.0638079961245576,0,0,0,0.0800956213566004,0.113988432453875,0,0,0.10774946546837,0,0,0,0,0.0843716530819868,0,0,0,0.0895436319255283,0.0655388350694898,0,0.0735113690478028,0,0,0,0,0,0,0,0,0,0,0,0,0,0,0.138625116098535,0,0,0,"K01D12.20","K01D12.20","","",NA,NA,NA,NA,NA,NA,NA,NA
"205","WBGene00303087",0,0,0,0,0,0,0,0,0,0,0,0,0,0,0,0,0,0,0,0,0,0,0,0,0,0,0,0,0,0,0.0681720788707322,0,0,0,0,0.0554585862175542,0,0,0,0,0,0,0,"Y39G8B.13","Y39G8B.13","","",NA,NA,NA,NA,NA,NA,NA,NA
"206","WBGene00303095",0,0,0,0,0,0,0,0,0,0,0,0,0,0,0,0,0,0,0,0,0,0,0,0,0,0,0,0,0,0,0,0,0,0,0,0,0,0,0,0,0,0,0,"Y71H2AL.4","Y71H2AL.4","","",NA,NA,NA,NA,NA,NA,NA,NA
"207","WBGene00305048",0,0,0,0,0,0,0,0,0,0,0,0,0,0,0,0,0,0,0,0,0,0,0,0,0,0,0,0,0,0,0,0,0,0,0,0,0,0,0,0,0,0,0,"M01G12.16","M01G12.16","G_PROTEIN_RECEP_F1_2 domain-containing protein","7TM GPCR, serpentine receptor class w (Srw)",NA,NA,NA,NA,NA,NA,NA,NA
"208","WBGene00306014",0,0,0,0,0,0,0,0,0,0,0,0,0,0,0,0.169936933005423,0,0,0,0,0,0,0,0.128436330065442,0.147022738095606,0,0,0,0,0,0,0,0,0,0.0875953047865491,0,0,0.0640625127124049,0.285841914128944,0,0,0,0,"Y54F10BM.23","Y54F10BM.23","","",NA,NA,NA,NA,NA,NA,NA,NA
